step,percent_remaining,normalized_efficiency,diameter,density,meshedness,avg_shortest_path,betweenness_centrality,graph_radius,clustering_coefficient
0.0,100.0,1.0,57.0,0.005629160899083778,0.6,19.30211587897963,0.0471704017499475,30.0,0.008974358974358974
1.0,99.74358974358977,0.8529409781558371,53.0,0.006560014299758691,0.6015037593984962,18.01108231298597,0.05108433127022814,28.0,0.010447761194029851
2.0,99.48717948717947,0.7626570584209299,53.0,0.006548717392090886,0.5930408472012103,18.914541047071168,0.05412248050474673,29.0,0.010510510510510511
3.0,99.23076923076924,0.700198719278428,64.0,0.006497288246642158,0.5811836115326252,24.14061078149456,0.07012306297422595,32.0,0.010542168674698794
4.0,98.97435897435898,0.5174234997645134,53.0,0.01043749695166561,0.5635910224438903,19.52494756864849,0.09216391825198254,27.0,0.008210180623973726
5.0,98.71794871794872,0.4326178074905066,40.0,0.015577342047930284,0.5655430711610487,15.95119825708061,0.11157610639612396,20.0,0.012254901960784312
6.0,98.46153846153848,0.3910082368403553,40.0,0.015577342047930284,0.5655430711610487,15.95119825708061,0.11157610639612396,20.0,0.012254901960784312
7.0,98.2051282051282,0.3547924687700693,40.0,0.01847539201987269,0.5605381165919282,16.26020804222947,0.13625185751990596,20.0,0.014619883040935672
8.0,97.94871794871794,0.3257629251384626,28.0,0.02280701754385965,0.6042780748663101,10.257675438596491,0.09848590892123926,14.0,0.010416666666666666
9.0,97.6923076923077,0.3070803094115298,34.0,0.022396416573348264,0.572972972972973,13.21097424412094,0.13130079832388108,17.0,0.010526315789473684
10.0,97.43589743589745,0.2719584538084135,33.0,0.02736842105263158,0.5510204081632653,12.592631578947369,0.15665718349928878,17.0,0.0
11.0,97.17948717948718,0.2539847849942729,33.0,0.02736842105263158,0.5510204081632653,12.592631578947369,0.15665718349928878,17.0,0.0
12.0,96.92307692307692,0.2374630923902054,28.0,0.031701631701631705,0.5590551181102362,9.668997668997669,0.13545308857808858,14.0,0.0
13.0,96.66666666666669,0.224775589167197,23.0,0.0392156862745098,0.5353535353535354,9.259426847662143,0.16518853695324281,12.0,0.0
14.0,96.4102564102564,0.213873487988276,26.0,0.043478260869565216,0.5393258426966292,9.441258094357076,0.187583513207935,14.0,0.0
15.0,96.15384615384616,0.203573591536629,26.0,0.043478260869565216,0.5393258426966292,9.441258094357076,0.187583513207935,14.0,0.0
16.0,95.8974358974359,0.1937203558712074,26.0,0.043478260869565216,0.5393258426966292,9.441258094357076,0.187583513207935,14.0,0.0
17.0,95.64102564102564,0.1843056299535519,26.0,0.043478260869565216,0.5393258426966292,9.441258094357076,0.187583513207935,14.0,0.0
18.0,95.38461538461536,0.1759378384968291,26.0,0.043478260869565216,0.5393258426966292,9.441258094357076,0.187583513207935,14.0,0.0
19.0,95.12820512820512,0.1676711953434478,26.0,0.05405405405405406,0.5217391304347826,9.477477477477477,0.24221364221364217,13.0,0.0
20.0,94.87179487179486,0.1586923995672611,25.0,0.05714285714285714,0.5230769230769231,9.405042016806723,0.25469824293353704,13.0,0.0
21.0,94.6153846153846,0.1527896881005191,15.0,0.07407407407407407,0.5686274509803921,6.044973544973545,0.19403744403744408,9.0,0.0
22.0,94.35897435897436,0.1474444823954371,15.0,0.07407407407407407,0.5686274509803921,6.044973544973545,0.19403744403744408,9.0,0.0
23.0,94.1025641025641,0.1432658034608765,15.0,0.07407407407407407,0.5686274509803921,6.044973544973545,0.19403744403744408,9.0,0.0
24.0,93.84615384615384,0.1392935433559621,15.0,0.07407407407407407,0.5686274509803921,6.044973544973545,0.19403744403744408,9.0,0.0
25.0,93.5897435897436,0.1354024300627803,15.0,0.07407407407407407,0.5686274509803921,6.044973544973545,0.19403744403744408,9.0,0.0
26.0,93.33333333333331,0.131597460775079,15.0,0.07407407407407407,0.5686274509803921,6.044973544973545,0.19403744403744408,9.0,0.0
27.0,93.07692307692308,0.1283056245238166,17.0,0.09090909090909091,0.5384615384615384,6.298701298701299,0.2649350649350649,9.0,0.0
28.0,92.82051282051282,0.124980841517094,21.0,0.09090909090909091,0.5384615384615384,7.666666666666667,0.3333333333333334,11.0,0.0
29.0,92.56410256410255,0.1219163081831961,15.0,0.1,0.5945945945945946,5.752380952380952,0.25012531328320803,8.0,0.0
30.0,92.3076923076923,0.1189175365732704,15.0,0.1,0.5945945945945946,5.752380952380952,0.25012531328320803,8.0,0.0
31.0,92.05128205128206,0.1162835498823858,15.0,0.1,0.5945945945945946,5.752380952380952,0.25012531328320803,8.0,0.0
32.0,91.7948717948718,0.1137297561375294,17.0,0.10526315789473684,0.5454545454545454,6.421052631578948,0.31888544891640863,9.0,0.0
33.0,91.53846153846152,0.1111811472432044,17.0,0.10526315789473684,0.5454545454545454,6.421052631578948,0.31888544891640863,9.0,0.0
34.0,91.28205128205128,0.1088002700510406,17.0,0.10526315789473684,0.5454545454545454,6.421052631578948,0.31888544891640863,9.0,0.0
35.0,91.02564102564102,0.1064729319027489,17.0,0.10526315789473684,0.5454545454545454,6.421052631578948,0.31888544891640863,9.0,0.0
36.0,90.76923076923076,0.1041461914506719,17.0,0.10526315789473684,0.5454545454545454,6.421052631578948,0.31888544891640863,9.0,0.0
37.0,90.51282051282053,0.1019017474090934,17.0,0.10526315789473684,0.5454545454545454,6.421052631578948,0.31888544891640863,9.0,0.0
38.0,90.25641025641026,0.0996729093656007,17.0,0.10526315789473684,0.5454545454545454,6.421052631578948,0.31888544891640863,9.0,0.0
39.0,90.0,0.0974751752968707,15.0,0.125,0.5555555555555556,5.666666666666667,0.33333333333333337,8.0,0.0
40.0,89.74358974358975,0.095292491225635,15.0,0.125,0.5555555555555556,5.666666666666667,0.33333333333333337,8.0,0.0
41.0,89.48717948717949,0.0935589676199684,14.0,0.125,0.5555555555555556,5.266666666666667,0.3047619047619048,7.0,0.0
42.0,89.23076923076923,0.0918312306162395,11.0,0.14285714285714285,0.5652173913043478,4.472527472527473,0.28937728937728935,6.0,0.0
43.0,88.97435897435896,0.0901199916603438,10.0,0.15384615384615385,0.5714285714285714,4.128205128205129,0.2843822843822844,5.0,0.0
44.0,88.71794871794872,0.0885186956194266,10.0,0.15384615384615385,0.5714285714285714,4.128205128205129,0.2843822843822844,5.0,0.0
45.0,88.46153846153845,0.0869929074224098,10.0,0.15384615384615385,0.5714285714285714,4.128205128205129,0.2843822843822844,5.0,0.0
46.0,88.2051282051282,0.0855194665104969,10.0,0.15384615384615385,0.5714285714285714,4.128205128205129,0.2843822843822844,5.0,0.0
47.0,87.94871794871794,0.084075555618849,10.0,0.15384615384615385,0.5714285714285714,4.128205128205129,0.2843822843822844,5.0,0.0
48.0,87.6923076923077,0.0826362047704582,7.0,0.2,0.6,3.066666666666667,0.2583333333333333,4.0,0.0
49.0,87.43589743589743,0.0813140909196874,7.0,0.2,0.6,3.066666666666667,0.2583333333333333,4.0,0.0
50.0,87.17948717948718,0.0800054467820961,9.0,0.2,0.6,3.6666666666666665,0.33333333333333337,5.0,0.0
51.0,86.92307692307692,0.0787185580410842,9.0,0.2,0.6,3.6666666666666665,0.33333333333333337,5.0,0.0
52.0,86.66666666666667,0.0774498414755153,9.0,0.2,0.6,3.6666666666666665,0.33333333333333337,5.0,0.0
53.0,86.41025641025641,0.0762028035500566,9.0,0.2,0.6,3.6666666666666665,0.33333333333333337,5.0,0.0
54.0,86.15384615384616,0.0749633105374758,9.0,0.2,0.6,3.6666666666666665,0.33333333333333337,5.0,0.0
55.0,85.8974358974359,0.0737297798215255,9.0,0.2,0.6,3.6666666666666665,0.33333333333333337,5.0,0.0
56.0,85.64102564102565,0.0726161526568782,9.0,0.2,0.6,3.6666666666666665,0.33333333333333337,5.0,0.0
57.0,85.38461538461539,0.0715263895718254,9.0,0.2,0.6,3.6666666666666665,0.33333333333333337,5.0,0.0
58.0,85.12820512820512,0.0704672690227656,9.0,0.2,0.6,3.6666666666666665,0.33333333333333337,5.0,0.0
59.0,84.87179487179488,0.0694528588835351,9.0,0.2,0.6,3.6666666666666665,0.33333333333333337,5.0,0.0
60.0,84.61538461538461,0.0684402518904887,9.0,0.2,0.6,3.6666666666666665,0.3333333333333333,5.0,0.0
61.0,84.35897435897436,0.067455994194081,9.0,0.2,0.6,3.6666666666666665,0.3333333333333333,5.0,0.0
62.0,84.1025641025641,0.066479319097216,9.0,0.2,0.6,3.6666666666666665,0.3333333333333333,5.0,0.0
63.0,83.84615384615385,0.0655483840917901,5.0,0.2222222222222222,0.7333333333333333,2.7777777777777777,0.22222222222222224,5.0,0.0
64.0,83.58974358974359,0.0646395691307806,5.0,0.2222222222222222,0.7333333333333333,2.7777777777777777,0.22222222222222224,5.0,0.0
65.0,83.33333333333334,0.0637518797457798,9.0,0.2,0.6,3.6666666666666665,0.33333333333333337,5.0,0.0
66.0,83.07692307692307,0.0628800642336316,9.0,0.2,0.6,3.6666666666666665,0.33333333333333337,5.0,0.0
67.0,82.82051282051282,0.0620155314385918,9.0,0.2,0.6,3.6666666666666665,0.33333333333333337,5.0,0.0
68.0,82.56410256410255,0.0611535334012014,9.0,0.2,0.6,3.6666666666666665,0.33333333333333337,5.0,0.0
69.0,82.3076923076923,0.0603009607645316,9.0,0.2,0.6,3.6666666666666665,0.33333333333333337,5.0,0.0
70.0,82.05128205128204,0.0595033859545423,9.0,0.2,0.6,3.6666666666666665,0.33333333333333337,5.0,0.0
71.0,81.7948717948718,0.0587138451635082,9.0,0.2,0.6,3.6666666666666665,0.33333333333333337,5.0,0.0
72.0,81.53846153846153,0.0579361553672722,9.0,0.2,0.6,3.6666666666666665,0.33333333333333337,5.0,0.0
73.0,81.28205128205128,0.0571764801918044,9.0,0.2,0.6,3.6666666666666665,0.33333333333333337,5.0,0.0
74.0,81.02564102564102,0.0564276172688872,9.0,0.2,0.6,3.6666666666666665,0.33333333333333337,5.0,0.0
75.0,80.76923076923077,0.0556922199923755,9.0,0.2,0.6,3.6666666666666665,0.33333333333333337,5.0,0.0
76.0,80.51282051282051,0.0550063934183214,9.0,0.2,0.6,3.6666666666666665,0.33333333333333337,5.0,0.0
77.0,80.25641025641026,0.0543291280557416,9.0,0.2,0.6,3.6666666666666665,0.33333333333333337,5.0,0.0
78.0,80.0,0.0536799699828954,9.0,0.2,0.6,3.6666666666666665,0.33333333333333337,5.0,0.0
79.0,79.74358974358975,0.0530318884574337,9.0,0.2,0.6,3.6666666666666665,0.33333333333333337,5.0,0.0
80.0,79.48717948717949,0.0523936163102892,9.0,0.2,0.6,3.6666666666666665,0.33333333333333337,5.0,0.0
81.0,79.23076923076923,0.0517624586819858,7.0,0.25,0.6363636363636364,3.0,0.33333333333333326,4.0,0.0
82.0,78.97435897435898,0.0511379441412458,7.0,0.25,0.6363636363636364,3.0,0.33333333333333326,4.0,0.0
83.0,78.71794871794872,0.0505652753860554,7.0,0.25,0.6363636363636364,3.0,0.33333333333333326,4.0,0.0
84.0,78.46153846153847,0.0499991436693883,7.0,0.25,0.6363636363636364,3.0,0.33333333333333326,4.0,0.0
85.0,78.2051282051282,0.0494339162832474,7.0,0.25,0.6363636363636364,3.0,0.33333333333333326,4.0,0.0
86.0,77.94871794871796,0.0488711608116716,6.0,0.2857142857142857,0.6666666666666666,2.6666666666666665,0.3333333333333333,3.0,0.0
87.0,77.6923076923077,0.0483167192954488,6.0,0.2857142857142857,0.6666666666666666,2.6666666666666665,0.3333333333333333,3.0,0.0
88.0,77.43589743589745,0.0477661804655507,6.0,0.2857142857142857,0.6666666666666666,2.6666666666666665,0.3333333333333333,3.0,0.0
89.0,77.17948717948718,0.0472294056066457,6.0,0.2857142857142857,0.6666666666666666,2.6666666666666665,0.3333333333333333,3.0,0.0
90.0,76.92307692307692,0.0466964130041355,6.0,0.2857142857142857,0.6666666666666666,2.6666666666666665,0.3333333333333333,3.0,0.0
91.0,76.66666666666666,0.046165523322798,6.0,0.2857142857142857,0.6666666666666666,2.6666666666666665,0.3333333333333333,3.0,0.0
92.0,76.41025641025641,0.0456416636789913,5.0,0.3333333333333333,0.7142857142857143,2.3333333333333335,0.3333333333333333,3.0,0.0
93.0,76.15384615384615,0.0451261567581084,5.0,0.3333333333333333,0.7142857142857143,2.3333333333333335,0.3333333333333333,3.0,0.0
94.0,75.8974358974359,0.0446237679786807,5.0,0.3333333333333333,0.7142857142857143,2.3333333333333335,0.3333333333333333,3.0,0.0
95.0,75.64102564102564,0.0441240957995687,5.0,0.3333333333333333,0.7142857142857143,2.3333333333333335,0.3333333333333333,3.0,0.0
96.0,75.38461538461539,0.0436294814141625,5.0,0.3333333333333333,0.7142857142857143,2.3333333333333335,0.3333333333333333,3.0,0.0
97.0,75.12820512820512,0.0431455395806997,5.0,0.3333333333333333,0.7142857142857143,2.3333333333333335,0.3333333333333333,3.0,0.0
98.0,74.87179487179488,0.0426747295245503,5.0,0.3333333333333333,0.7142857142857143,2.3333333333333335,0.3333333333333333,3.0,0.0
99.0,74.61538461538461,0.042215725202883,5.0,0.3333333333333333,0.7142857142857143,2.3333333333333335,0.3333333333333333,3.0,0.0
100.0,74.35897435897436,0.0417598476841176,5.0,0.3333333333333333,0.7142857142857143,2.3333333333333335,0.3333333333333333,3.0,0.0
101.0,74.1025641025641,0.0413068027510077,5.0,0.3333333333333333,0.7142857142857143,2.3333333333333335,0.3333333333333333,3.0,0.0
102.0,73.84615384615385,0.0408542120076631,5.0,0.3333333333333333,0.7142857142857143,2.3333333333333335,0.3333333333333333,3.0,0.0
103.0,73.58974358974359,0.0404100707197506,5.0,0.3333333333333333,0.7142857142857143,2.3333333333333335,0.3333333333333333,3.0,0.0
104.0,73.33333333333334,0.0399777272790781,5.0,0.3333333333333333,0.7142857142857143,2.3333333333333335,0.3333333333333333,3.0,0.0
105.0,73.07692307692308,0.0395560690807779,5.0,0.3333333333333333,0.7142857142857143,2.3333333333333335,0.3333333333333333,3.0,0.0
106.0,72.82051282051283,0.0391473073011526,5.0,0.3333333333333333,0.7142857142857143,2.3333333333333335,0.3333333333333333,3.0,0.0
107.0,72.56410256410255,0.0387453962776105,5.0,0.3333333333333333,0.7142857142857143,2.3333333333333335,0.3333333333333333,3.0,0.0
108.0,72.3076923076923,0.0383550625942373,5.0,0.3333333333333333,0.7142857142857143,2.3333333333333335,0.3333333333333333,3.0,0.0
109.0,72.05128205128204,0.0379712366177874,5.0,0.3333333333333333,0.7142857142857143,2.3333333333333335,0.3333333333333333,3.0,0.0
110.0,71.7948717948718,0.0375897733993559,5.0,0.3333333333333333,0.7142857142857143,2.3333333333333335,0.3333333333333333,3.0,0.0
111.0,71.53846153846153,0.0372127094305717,5.0,0.3333333333333333,0.7142857142857143,2.3333333333333335,0.3333333333333333,3.0,0.0
112.0,71.28205128205128,0.0368398325637627,5.0,0.3333333333333333,0.7142857142857143,2.3333333333333335,0.3333333333333333,3.0,0.0
113.0,71.02564102564102,0.036468271315134,5.0,0.3333333333333333,0.7142857142857143,2.3333333333333335,0.3333333333333333,3.0,0.0
114.0,70.76923076923076,0.0360986567131265,5.0,0.3333333333333333,0.7142857142857143,2.3333333333333335,0.3333333333333333,3.0,0.0
115.0,70.51282051282051,0.0357318320704811,5.0,0.3333333333333333,0.7142857142857143,2.3333333333333335,0.3333333333333333,3.0,0.0
116.0,70.25641025641025,0.0353665040471635,5.0,0.3333333333333333,0.7142857142857143,2.3333333333333335,0.3333333333333333,3.0,0.0
117.0,70.0,0.0350047841259756,5.0,0.3333333333333333,0.7142857142857143,2.3333333333333335,0.3333333333333333,3.0,0.0
118.0,69.74358974358974,0.0346495234890945,5.0,0.3333333333333333,0.7142857142857143,2.3333333333333335,0.3333333333333333,3.0,0.0
119.0,69.48717948717949,0.0342942628522135,5.0,0.3333333333333333,0.7142857142857143,2.3333333333333335,0.3333333333333333,3.0,0.0
120.0,69.23076923076923,0.0339551504260998,5.0,0.3333333333333333,0.7142857142857143,2.3333333333333335,0.3333333333333333,3.0,0.0
121.0,68.97435897435898,0.0336192777763144,4.0,0.4,0.8,2.0,0.3333333333333333,2.0,0.0
122.0,68.71794871794872,0.0332834501999123,4.0,0.4,0.8,2.0,0.3333333333333333,2.0,0.0
123.0,68.46153846153847,0.0329577598002362,4.0,0.4,0.8,2.0,0.3333333333333333,2.0,0.0
124.0,68.2051282051282,0.0326418344198699,4.0,0.4,0.8,2.0,0.3333333333333333,2.0,0.0
125.0,67.94871794871796,0.0323335503961302,4.0,0.4,0.8,2.0,0.3333333333333333,2.0,0.0
126.0,67.6923076923077,0.0320267569764613,4.0,0.4,0.8,2.0,0.3333333333333333,2.0,0.0
127.0,67.43589743589745,0.0317283778047634,4.0,0.4,0.8,2.0,0.3333333333333333,2.0,0.0
128.0,67.17948717948718,0.03143536704007,4.0,0.4,0.8,2.0,0.3333333333333333,2.0,0.0
129.0,66.92307692307693,0.0311436063166309,4.0,0.4,0.8,2.0,0.3333333333333333,2.0,0.0
130.0,66.66666666666667,0.030852796788807,4.0,0.4,0.8,2.0,0.3333333333333333,2.0,0.0
131.0,66.41025641025642,0.0305622983818215,4.0,0.4,0.8,2.0,0.3333333333333333,2.0,0.0
132.0,66.15384615384615,0.0302775479304282,4.0,0.4,0.8,2.0,0.3333333333333333,2.0,0.0
133.0,65.8974358974359,0.0299976456104614,4.0,0.4,0.8,2.0,0.3333333333333333,2.0,0.0
134.0,65.64102564102564,0.0297177432904945,4.0,0.4,0.8,2.0,0.3333333333333333,2.0,0.0
135.0,65.38461538461539,0.0294378409705277,4.0,0.4,0.8,2.0,0.3333333333333333,2.0,0.0
136.0,65.12820512820512,0.0291579386505608,4.0,0.4,0.8,2.0,0.3333333333333333,2.0,0.0
137.0,64.87179487179488,0.0288780363305939,4.0,0.4,0.8,2.0,0.3333333333333333,2.0,0.0
138.0,64.61538461538461,0.0286012826422298,4.0,0.4,0.8,2.0,0.3333333333333333,2.0,0.0
139.0,64.35897435897435,0.028329861897194,4.0,0.4,0.8,2.0,0.3333333333333333,2.0,0.0
140.0,64.1025641025641,0.0280588504254226,4.0,0.4,0.8,2.0,0.3333333333333333,2.0,0.0
141.0,63.84615384615384,0.0277907185496353,4.0,0.4,0.8,2.0,0.3333333333333333,2.0,0.0
142.0,63.589743589743584,0.0275258147047059,4.0,0.4,0.8,2.0,0.3333333333333333,2.0,0.0
143.0,63.33333333333333,0.0272610084316918,4.0,0.4,0.8,2.0,0.3333333333333333,2.0,0.0
144.0,63.07692307692307,0.0269972543224923,4.0,0.4,0.8,2.0,0.3333333333333333,2.0,0.0
145.0,62.82051282051282,0.0267335002132927,4.0,0.4,0.8,2.0,0.3333333333333333,2.0,0.0
146.0,62.56410256410256,0.0264697461040932,4.0,0.4,0.8,2.0,0.3333333333333333,2.0,0.0
147.0,62.30769230769231,0.0262059919948937,4.0,0.4,0.8,2.0,0.3333333333333333,2.0,0.0
148.0,62.05128205128205,0.0259434069791076,3.0,0.5,1.0,1.6666666666666667,0.3333333333333333,2.0,0.0
149.0,61.7948717948718,0.0256816817476711,3.0,0.5,1.0,1.6666666666666667,0.3333333333333333,2.0,0.0
150.0,61.53846153846154,0.025423310375394,3.0,0.5,1.0,1.6666666666666667,0.3333333333333333,2.0,0.0
151.0,61.282051282051285,0.025171413047308,3.0,0.5,1.0,1.6666666666666667,0.3333333333333333,2.0,0.0
152.0,61.02564102564103,0.0249202186575942,3.0,0.5,1.0,1.6666666666666667,0.3333333333333333,2.0,0.0
153.0,60.76923076923077,0.0246718658333748,3.0,0.5,1.0,1.6666666666666667,0.3333333333333333,2.0,0.0
154.0,60.51282051282052,0.0244296426718651,3.0,0.5,1.0,1.6666666666666667,0.3333333333333333,2.0,0.0
155.0,60.25641025641026,0.0241874195103553,3.0,0.5,1.0,1.6666666666666667,0.3333333333333333,2.0,0.0
156.0,60.0,0.0239451963488455,3.0,0.5,1.0,1.6666666666666667,0.3333333333333333,2.0,0.0
157.0,59.74358974358975,0.0237045659195257,3.0,0.5,1.0,1.6666666666666667,0.3333333333333333,2.0,0.0
158.0,59.48717948717949,0.0234657098317504,3.0,0.5,1.0,1.6666666666666667,0.3333333333333333,2.0,0.0
159.0,59.23076923076923,0.023228319208365,3.0,0.5,1.0,1.6666666666666667,0.3333333333333333,2.0,0.0
160.0,58.97435897435898,0.0229913625573394,3.0,0.5,1.0,1.6666666666666667,0.3333333333333333,2.0,0.0
161.0,58.71794871794872,0.0227616991153154,3.0,0.5,1.0,1.6666666666666667,0.3333333333333333,2.0,0.0
162.0,58.46153846153845,0.0225320356732913,3.0,0.5,1.0,1.6666666666666667,0.3333333333333333,2.0,0.0
163.0,58.2051282051282,0.0223023722312672,3.0,0.5,1.0,1.6666666666666667,0.3333333333333333,2.0,0.0
164.0,57.94871794871794,0.0220755632709444,3.0,0.5,1.0,1.6666666666666667,0.3333333333333333,2.0,0.0
165.0,57.692307692307686,0.0218538590534845,3.0,0.5,1.0,1.6666666666666667,0.3333333333333333,2.0,0.0
166.0,57.43589743589743,0.0216337901039397,3.0,0.5,1.0,1.6666666666666667,0.3333333333333333,2.0,0.0
167.0,57.179487179487175,0.0214177629287858,3.0,0.5,1.0,1.6666666666666667,0.3333333333333333,2.0,0.0
168.0,56.92307692307692,0.021204247697529,3.0,0.5,1.0,1.6666666666666667,0.3333333333333333,2.0,0.0
169.0,56.66666666666666,0.0209907324662723,3.0,0.5,1.0,1.6666666666666667,0.3333333333333333,2.0,0.0
170.0,56.41025641025641,0.0207793377071365,3.0,0.5,1.0,1.6666666666666667,0.3333333333333333,2.0,0.0
171.0,56.15384615384615,0.0205682279214621,3.0,0.5,1.0,1.6666666666666667,0.3333333333333333,2.0,0.0
172.0,55.8974358974359,0.0203636839184094,3.0,0.5,1.0,1.6666666666666667,0.3333333333333333,2.0,0.0
173.0,55.64102564102564,0.0201595465369694,3.0,0.5,1.0,1.6666666666666667,0.3333333333333333,2.0,0.0
174.0,55.38461538461539,0.0199558827646694,3.0,0.5,1.0,1.6666666666666667,0.3333333333333333,2.0,0.0
175.0,55.12820512820513,0.0197524153090012,3.0,0.5,1.0,1.6666666666666667,0.3333333333333333,2.0,0.0
176.0,54.87179487179488,0.0195506278813847,3.0,0.5,1.0,1.6666666666666667,0.3333333333333333,2.0,0.0
177.0,54.61538461538462,0.0193496723696136,3.0,0.5,1.0,1.6666666666666667,0.3333333333333333,2.0,0.0
178.0,54.358974358974365,0.0191503311447041,3.0,0.5,1.0,1.6666666666666667,0.3333333333333333,2.0,0.0
179.0,54.10256410256411,0.0189523897235685,3.0,0.5,1.0,1.6666666666666667,0.3333333333333333,2.0,0.0
180.0,53.84615384615385,0.0187565296858628,3.0,0.5,1.0,1.6666666666666667,0.3333333333333333,2.0,0.0
181.0,53.58974358974359,0.0185618786386526,3.0,0.5,1.0,1.6666666666666667,0.3333333333333333,2.0,0.0
182.0,53.333333333333336,0.0183702165416093,3.0,0.5,1.0,1.6666666666666667,0.3333333333333333,2.0,0.0
183.0,53.07692307692308,0.0181793088054268,3.0,0.5,1.0,1.6666666666666667,0.3333333333333333,2.0,0.0
184.0,52.820512820512825,0.0179884010692443,3.0,0.5,1.0,1.6666666666666667,0.3333333333333333,2.0,0.0
185.0,52.56410256410257,0.0177974933330618,3.0,0.5,1.0,1.6666666666666667,0.3333333333333333,2.0,0.0
186.0,52.3076923076923,0.0176065855968793,3.0,0.5,1.0,1.6666666666666667,0.3333333333333333,2.0,0.0
187.0,52.05128205128205,0.0174192082387592,3.0,0.5,1.0,1.6666666666666667,0.3333333333333333,2.0,0.0
188.0,51.79487179487179,0.0172379974869937,3.0,0.5,1.0,1.6666666666666667,0.3333333333333333,2.0,0.0
189.0,51.53846153846153,0.017060568881719,3.0,0.5,1.0,1.6666666666666667,0.3333333333333333,2.0,0.0
190.0,51.28205128205128,0.0168838238801302,3.0,0.5,1.0,1.6666666666666667,0.3333333333333333,2.0,0.0
191.0,51.02564102564102,0.0167079878073305,3.0,0.5,1.0,1.6666666666666667,0.3333333333333333,2.0,0.0
192.0,50.76923076923077,0.0165321517345309,3.0,0.5,1.0,1.6666666666666667,0.3333333333333333,2.0,0.0
193.0,50.51282051282051,0.0163563156617312,3.0,0.5,1.0,1.6666666666666667,0.3333333333333333,2.0,0.0
194.0,50.256410256410255,0.0161819618720202,3.0,0.5,1.0,1.6666666666666667,0.3333333333333333,2.0,0.0
195.0,50.0,0.0160093228187259,3.0,0.5,1.0,1.6666666666666667,0.3333333333333333,2.0,0.0
196.0,49.74358974358975,0.0158366837654317,3.0,0.5,1.0,1.6666666666666667,0.3333333333333333,2.0,0.0
197.0,49.48717948717949,0.0156653936535829,3.0,0.5,1.0,1.6666666666666667,0.3333333333333333,2.0,0.0
198.0,49.23076923076923,0.0154943404665326,3.0,0.5,1.0,1.6666666666666667,0.3333333333333333,2.0,0.0
199.0,48.97435897435898,0.015327919162394,3.0,0.5,1.0,1.6666666666666667,0.3333333333333333,2.0,0.0
200.0,48.71794871794872,0.0151621308651829,3.0,0.5,1.0,1.6666666666666667,0.3333333333333333,2.0,0.0
201.0,48.46153846153847,0.0149963425679717,3.0,0.5,1.0,1.6666666666666667,0.3333333333333333,2.0,0.0
202.0,48.2051282051282,0.0148305542707606,3.0,0.5,1.0,1.6666666666666667,0.3333333333333333,2.0,0.0
203.0,47.94871794871794,0.0146661361247661,3.0,0.5,1.0,1.6666666666666667,0.3333333333333333,2.0,0.0
204.0,47.692307692307686,0.0145017179787716,3.0,0.5,1.0,1.6666666666666667,0.3333333333333333,2.0,0.0
205.0,47.43589743589743,0.0143417264751692,3.0,0.5,1.0,1.6666666666666667,0.3333333333333333,2.0,0.0
206.0,47.179487179487175,0.0141829470284124,3.0,0.5,1.0,1.6666666666666667,0.3333333333333333,2.0,0.0
207.0,46.92307692307692,0.0140243633175436,3.0,0.5,1.0,1.6666666666666667,0.3333333333333333,2.0,0.0
208.0,46.66666666666666,0.0138664984545622,3.0,0.5,1.0,1.6666666666666667,0.3333333333333333,2.0,0.0
209.0,46.41025641025641,0.0137089310646508,3.0,0.5,1.0,1.6666666666666667,0.3333333333333333,2.0,0.0
210.0,46.15384615384615,0.0135523111336475,2.0,0.6666666666666666,2.0,1.3333333333333333,0.3333333333333333,1.0,0.0
211.0,45.8974358974359,0.0133974764958719,2.0,0.6666666666666666,2.0,1.3333333333333333,0.3333333333333333,1.0,0.0
212.0,45.64102564102564,0.0132457058995693,2.0,0.6666666666666666,2.0,1.3333333333333333,0.3333333333333333,1.0,0.0
213.0,45.38461538461539,0.0130941847237458,2.0,0.6666666666666666,2.0,1.3333333333333333,0.3333333333333333,1.0,0.0
214.0,45.12820512820512,0.0129434680899175,2.0,0.6666666666666666,2.0,1.3333333333333333,0.3333333333333333,1.0,0.0
215.0,44.87179487179487,0.0127940116286129,2.0,0.6666666666666666,2.0,1.3333333333333333,0.3333333333333333,1.0,0.0
216.0,44.61538461538461,0.0126453208216036,2.0,0.6666666666666666,2.0,1.3333333333333333,0.3333333333333333,1.0,0.0
217.0,44.35897435897436,0.0124994599434606,2.0,0.6666666666666666,2.0,1.3333333333333333,0.3333333333333333,1.0,0.0
218.0,44.1025641025641,0.0123550361711552,2.0,0.6666666666666666,2.0,1.3333333333333333,0.3333333333333333,1.0,0.0
219.0,43.84615384615385,0.0122125798047215,2.0,0.6666666666666666,2.0,1.3333333333333333,0.3333333333333333,1.0,0.0
220.0,43.58974358974359,0.0120718785343025,2.0,0.6666666666666666,2.0,1.3333333333333333,0.3333333333333333,1.0,0.0
221.0,43.333333333333336,0.011931927374319,2.0,0.6666666666666666,2.0,1.3333333333333333,0.3333333333333333,1.0,0.0
222.0,43.07692307692308,0.0117928043277083,2.0,0.6666666666666666,2.0,1.3333333333333333,0.3333333333333333,1.0,0.0
223.0,42.820512820512825,0.0116543404035926,2.0,0.6666666666666666,2.0,1.3333333333333333,0.3333333333333333,1.0,0.0
224.0,42.56410256410257,0.0115186954331472,2.0,0.6666666666666666,2.0,1.3333333333333333,0.3333333333333333,1.0,0.0
225.0,42.30769230769232,0.0113830504627017,2.0,0.6666666666666666,2.0,1.3333333333333333,0.3333333333333333,1.0,0.0
226.0,42.05128205128205,0.0112477011215322,2.0,0.6666666666666666,2.0,1.3333333333333333,0.3333333333333333,1.0,0.0
227.0,41.79487179487179,0.0111132707173666,2.0,0.6666666666666666,2.0,1.3333333333333333,0.3333333333333333,1.0,0.0
228.0,41.53846153846153,0.0109789279653925,2.0,0.6666666666666666,2.0,1.3333333333333333,0.3333333333333333,1.0,0.0
229.0,41.28205128205128,0.0108447735990178,2.0,0.6666666666666666,2.0,1.3333333333333333,0.3333333333333333,1.0,0.0
230.0,41.02564102564102,0.0107119450505176,2.0,0.6666666666666666,2.0,1.3333333333333333,0.3333333333333333,1.0,0.0
231.0,40.76923076923077,0.0105833179903571,2.0,0.6666666666666666,2.0,1.3333333333333333,0.3333333333333333,1.0,0.0
232.0,40.51282051282051,0.0104551619131052,2.0,0.6666666666666666,2.0,1.3333333333333333,0.3333333333333333,1.0,0.0
233.0,40.256410256410255,0.0103278230293022,2.0,0.6666666666666666,2.0,1.3333333333333333,0.3333333333333333,1.0,0.0
234.0,40.0,0.0102006226231932,2.0,0.6666666666666666,2.0,1.3333333333333333,0.3333333333333333,1.0,0.0
235.0,39.74358974358975,0.01007470622656,2.0,0.6666666666666666,2.0,1.3333333333333333,0.3333333333333333,1.0,0.0
236.0,39.48717948717949,0.0099490025493832,2.0,0.6666666666666666,2.0,1.3333333333333333,0.3333333333333333,1.0,0.0
237.0,39.23076923076923,0.0098250206298424,2.0,0.6666666666666666,2.0,1.3333333333333333,0.3333333333333333,1.0,0.0
238.0,38.97435897435897,0.0097036225981063,2.0,0.6666666666666666,2.0,1.3333333333333333,0.3333333333333333,1.0,0.0
239.0,38.71794871794872,0.0095825110173514,2.0,0.6666666666666666,2.0,1.3333333333333333,0.3333333333333333,1.0,0.0
240.0,38.46153846153846,0.0094619309229148,2.0,0.6666666666666666,2.0,1.3333333333333333,0.3333333333333333,1.0,0.0
241.0,38.20512820512821,0.0093451255316979,2.0,0.6666666666666666,2.0,1.3333333333333333,0.3333333333333333,1.0,0.0
242.0,37.94871794871795,0.0092316447721095,2.0,0.6666666666666666,2.0,1.3333333333333333,0.3333333333333333,1.0,0.0
243.0,37.69230769230769,0.0091181640125211,2.0,0.6666666666666666,2.0,1.3333333333333333,0.3333333333333333,1.0,0.0
244.0,37.43589743589744,0.0090063457260723,2.0,0.6666666666666666,2.0,1.3333333333333333,0.3333333333333333,1.0,0.0
245.0,37.17948717948718,0.0088966328823296,2.0,0.6666666666666666,2.0,1.3333333333333333,0.3333333333333333,1.0,0.0
246.0,36.92307692307693,0.0087892487077516,2.0,0.6666666666666666,2.0,1.3333333333333333,0.3333333333333333,1.0,0.0
247.0,36.66666666666667,0.008681920195783,2.0,0.6666666666666666,2.0,1.3333333333333333,0.3333333333333333,1.0,0.0
248.0,36.410256410256416,0.0085751625801546,2.0,0.6666666666666666,2.0,1.3333333333333333,0.3333333333333333,1.0,0.0
249.0,36.15384615384616,0.0084696609364748,2.0,0.6666666666666666,2.0,1.3333333333333333,0.3333333333333333,1.0,0.0
250.0,35.89743589743589,0.0083642973044732,1.0,1.0,,1.0,0.0,1.0,0.0
251.0,35.641025641025635,0.0082591270954147,1.0,1.0,,1.0,0.0,1.0,0.0
252.0,35.38461538461538,0.0081573933675806,1.0,1.0,,1.0,0.0,1.0,0.0
253.0,35.128205128205124,0.0080573314676739,1.0,1.0,,1.0,0.0,1.0,0.0
254.0,34.87179487179487,0.0079578618311794,1.0,1.0,,1.0,0.0,1.0,0.0
255.0,34.61538461538461,0.0078596018961656,1.0,1.0,,1.0,0.0,1.0,0.0
256.0,34.35897435897436,0.0077617682917507,1.0,1.0,,1.0,0.0,1.0,0.0
257.0,34.1025641025641,0.0076641450175665,1.0,1.0,,1.0,0.0,1.0,0.0
258.0,33.84615384615385,0.0075690105427011,1.0,1.0,,1.0,0.0,1.0,0.0
259.0,33.58974358974359,0.0074741327750469,1.0,1.0,,1.0,0.0,1.0,0.0
260.0,33.333333333333336,0.007379972337492,1.0,1.0,,1.0,0.0,1.0,0.0
261.0,33.07692307692308,0.0072885029321342,1.0,1.0,,1.0,0.0,1.0,0.0
262.0,32.820512820512825,0.0071978463102825,1.0,1.0,,1.0,0.0,1.0,0.0
263.0,32.56410256410256,0.0071085921017652,1.0,1.0,,1.0,0.0,1.0,0.0
264.0,32.30769230769231,0.0070203152162372,1.0,1.0,,1.0,0.0,1.0,0.0
265.0,32.05128205128205,0.0069323971798373,1.0,1.0,,1.0,0.0,1.0,0.0
266.0,31.794871794871792,0.0068448877850284,1.0,1.0,,1.0,0.0,1.0,0.0
267.0,31.538461538461537,0.0067585682583813,1.0,1.0,,1.0,0.0,1.0,0.0
268.0,31.28205128205128,0.0066722487317342,1.0,1.0,,1.0,0.0,1.0,0.0
269.0,31.025641025641026,0.0065861249409751,1.0,1.0,,1.0,0.0,1.0,0.0
270.0,30.76923076923077,0.0065000011502161,1.0,1.0,,1.0,0.0,1.0,0.0
271.0,30.512820512820515,0.0064142204349972,1.0,1.0,,1.0,0.0,1.0,0.0
272.0,30.25641025641026,0.0063310040422748,1.0,1.0,,1.0,0.0,1.0,0.0
273.0,30.000000000000004,0.0062479927440554,1.0,1.0,,1.0,0.0,1.0,0.0
274.0,29.743589743589748,0.0061656134659381,1.0,1.0,,1.0,0.0,1.0,0.0
275.0,29.48717948717948,0.0060834043929408,1.0,1.0,,1.0,0.0,1.0,0.0
276.0,29.230769230769223,0.0060026633391043,1.0,1.0,,1.0,0.0,1.0,0.0
277.0,28.97435897435897,0.005921953948426,1.0,1.0,,1.0,0.0,1.0,0.0
278.0,28.717948717948715,0.0058413568180366,1.0,1.0,,1.0,0.0,1.0,0.0
279.0,28.46153846153846,0.0057609348988001,1.0,1.0,,1.0,0.0,1.0,0.0
280.0,28.205128205128204,0.0056805129795637,1.0,1.0,,1.0,0.0,1.0,0.0
281.0,27.94871794871795,0.0056000910603272,1.0,1.0,,1.0,0.0,1.0,0.0
282.0,27.692307692307693,0.0055199122431978,1.0,1.0,,1.0,0.0,1.0,0.0
283.0,27.43589743589744,0.005440021095191,1.0,1.0,,1.0,0.0,1.0,0.0
284.0,27.179487179487182,0.0053612374002353,1.0,1.0,,1.0,0.0,1.0,0.0
285.0,26.923076923076927,0.0052824537052796,1.0,1.0,,1.0,0.0,1.0,0.0
286.0,26.66666666666667,0.0052036700103239,1.0,1.0,,1.0,0.0,1.0,0.0
287.0,26.410256410256405,0.0051249624348802,1.0,1.0,,1.0,0.0,1.0,0.0
288.0,26.15384615384615,0.0050463276694046,1.0,1.0,,1.0,0.0,1.0,0.0
289.0,25.89743589743589,0.0049690511407872,1.0,1.0,,1.0,0.0,1.0,0.0
290.0,25.64102564102564,0.0048917746121698,1.0,1.0,,1.0,0.0,1.0,0.0
291.0,25.384615384615383,0.0048147780709749,1.0,1.0,,1.0,0.0,1.0,0.0
292.0,25.128205128205128,0.0047380954727338,1.0,1.0,,1.0,0.0,1.0,0.0
293.0,24.871794871794872,0.0046622101745825,1.0,1.0,,1.0,0.0,1.0,0.0
294.0,24.615384615384617,0.0045865692517986,1.0,1.0,,1.0,0.0,1.0,0.0
295.0,24.35897435897436,0.004511079876942,1.0,1.0,,1.0,0.0,1.0,0.0
296.0,24.102564102564106,0.0044372287263661,1.0,1.0,,1.0,0.0,1.0,0.0
297.0,23.84615384615385,0.0043637638794879,1.0,1.0,,1.0,0.0,1.0,0.0
298.0,23.589743589743595,0.0042909175064709,1.0,1.0,,1.0,0.0,1.0,0.0
299.0,23.33333333333333,0.0042181075384379,1.0,1.0,,1.0,0.0,1.0,0.0
300.0,23.076923076923077,0.004145360389816,1.0,1.0,,1.0,0.0,1.0,0.0
301.0,22.820512820512818,0.0040730731014908,1.0,1.0,,1.0,0.0,1.0,0.0
302.0,22.56410256410256,0.0040025723764335,1.0,1.0,,1.0,0.0,1.0,0.0
303.0,22.307692307692307,0.0039325967964418,1.0,1.0,,1.0,0.0,1.0,0.0
304.0,22.05128205128205,0.0038629322190278,1.0,1.0,,1.0,0.0,1.0,0.0
305.0,21.7948717948718,0.0037958521301795,1.0,1.0,,1.0,0.0,1.0,0.0
306.0,21.53846153846154,0.0037288669595892,1.0,1.0,,1.0,0.0,1.0,0.0
307.0,21.282051282051285,0.0036618817889988,1.0,1.0,,1.0,0.0,1.0,0.0
308.0,21.02564102564103,0.0035948966184084,1.0,1.0,,1.0,0.0,1.0,0.0
309.0,20.769230769230774,0.0035280373597929,1.0,1.0,,1.0,0.0,1.0,0.0
310.0,20.51282051282052,0.0034617882899782,1.0,1.0,,1.0,0.0,1.0,0.0
311.0,20.25641025641025,0.003395824776499,1.0,1.0,,1.0,0.0,1.0,0.0
312.0,20.0,0.0033298612630198,1.0,1.0,,1.0,0.0,1.0,0.0
313.0,19.74358974358974,0.0032645224446522,1.0,1.0,,1.0,0.0,1.0,0.0
314.0,19.487179487179485,0.0031998471075305,1.0,1.0,,1.0,0.0,1.0,0.0
315.0,19.23076923076923,0.0031352542644612,1.0,1.0,,1.0,0.0,1.0,0.0
316.0,18.97435897435897,0.0030713781706811,1.0,1.0,,1.0,0.0,1.0,0.0
317.0,18.71794871794872,0.0030088736135082,1.0,1.0,,1.0,0.0,1.0,0.0
318.0,18.461538461538463,0.0029464338652079,1.0,1.0,,1.0,0.0,1.0,0.0
319.0,18.205128205128208,0.0028840683615548,1.0,1.0,,1.0,0.0,1.0,0.0
320.0,17.948717948717952,0.0028237146483421,1.0,1.0,,1.0,0.0,1.0,0.0
321.0,17.692307692307697,0.0027640152024751,1.0,1.0,,1.0,0.0,1.0,0.0
322.0,17.43589743589744,0.0027056125068666,1.0,1.0,,1.0,0.0,1.0,0.0
323.0,17.179487179487175,0.002649844492452,1.0,1.0,,1.0,0.0,1.0,0.0
324.0,16.92307692307692,0.0025950384437871,1.0,1.0,,1.0,0.0,1.0,0.0
325.0,16.666666666666664,0.0025410383664262,1.0,1.0,,1.0,0.0,1.0,0.0
326.0,16.41025641025641,0.0024870382890652,1.0,1.0,,1.0,0.0,1.0,0.0
327.0,16.153846153846153,0.0024330382117043,1.0,1.0,,1.0,0.0,1.0,0.0
328.0,15.897435897435896,0.0023794267151028,1.0,1.0,,1.0,0.0,1.0,0.0
329.0,15.64102564102564,0.0023270945505791,1.0,1.0,,1.0,0.0,1.0,0.0
330.0,15.384615384615383,0.0022754202761236,1.0,1.0,,1.0,0.0,1.0,0.0
331.0,15.12820512820513,0.0022244636999245,1.0,1.0,,1.0,0.0,1.0,0.0
332.0,14.871794871794874,0.0021735071237255,1.0,1.0,,1.0,0.0,1.0,0.0
333.0,14.61538461538462,0.0021225505475264,1.0,1.0,,1.0,0.0,1.0,0.0
334.0,14.358974358974365,0.0020723116695836,1.0,1.0,,1.0,0.0,1.0,0.0
335.0,14.102564102564108,0.0020227516953968,1.0,1.0,,1.0,0.0,1.0,0.0
336.0,13.84615384615384,0.001973727383734,1.0,1.0,,1.0,0.0,1.0,0.0
337.0,13.589743589743586,0.0019247030720711,1.0,1.0,,1.0,0.0,1.0,0.0
338.0,13.33333333333333,0.0018760499262873,1.0,1.0,,1.0,0.0,1.0,0.0
339.0,13.076923076923077,0.0018277433128808,1.0,1.0,,1.0,0.0,1.0,0.0
340.0,12.82051282051282,0.0017794366994742,1.0,1.0,,1.0,0.0,1.0,0.0
341.0,12.564102564102564,0.0017311988010228,1.0,1.0,,1.0,0.0,1.0,0.0
342.0,12.307692307692308,0.0016834718669772,1.0,1.0,,1.0,0.0,1.0,0.0
343.0,12.051282051282053,0.0016358441573266,1.0,1.0,,1.0,0.0,1.0,0.0
344.0,11.794871794871796,0.001588796127037,1.0,1.0,,1.0,0.0,1.0,0.0
345.0,11.538461538461542,0.0015417480967474,1.0,1.0,,1.0,0.0,1.0,0.0
346.0,11.282051282051286,0.0014947635590762,1.0,1.0,,1.0,0.0,1.0,0.0
347.0,11.02564102564103,0.001447779021405,1.0,1.0,,1.0,0.0,1.0,0.0
348.0,10.769230769230765,0.0014007944837338,1.0,1.0,,1.0,0.0,1.0,0.0
349.0,10.51282051282051,0.0013543896254236,1.0,1.0,,1.0,0.0,1.0,0.0
350.0,10.256410256410254,0.0013079847671133,1.0,1.0,,1.0,0.0,1.0,0.0
351.0,9.999999999999998,0.0012621900976039,1.0,1.0,,1.0,0.0,1.0,0.0
352.0,9.743589743589745,0.0012169468304134,1.0,1.0,,1.0,0.0,1.0,0.0
353.0,9.487179487179487,0.0011722287082885,1.0,1.0,,1.0,0.0,1.0,0.0
354.0,9.230769230769232,0.001127692621896,1.0,1.0,,1.0,0.0,1.0,0.0
355.0,8.974358974358976,0.0010840548988457,1.0,1.0,,1.0,0.0,1.0,0.0
356.0,8.71794871794872,0.0010404171757954,1.0,1.0,,1.0,0.0,1.0,0.0
357.0,8.461538461538465,0.0009968301353503,1.0,1.0,,1.0,0.0,1.0,0.0
358.0,8.20512820512821,0.0009532430949052,1.0,1.0,,1.0,0.0,1.0,0.0
359.0,7.948717948717954,0.000909960369293,1.0,1.0,,1.0,0.0,1.0,0.0
360.0,7.692307692307687,0.0008668006059694,1.0,1.0,,1.0,0.0,1.0,0.0
361.0,7.435897435897432,0.0008236408426459,1.0,1.0,,1.0,0.0,1.0,0.0
362.0,7.179487179487176,0.0007805545219145,1.0,1.0,,1.0,0.0,1.0,0.0
363.0,6.923076923076921,0.0007378514756631,1.0,1.0,,1.0,0.0,1.0,0.0
364.0,6.666666666666665,0.00069558528922,1.0,1.0,,1.0,0.0,1.0,0.0
365.0,6.41025641025641,0.0006534336452875,1.0,1.0,,1.0,0.0,1.0,0.0
366.0,6.153846153846154,0.000611282001355,1.0,1.0,,1.0,0.0,1.0,0.0
367.0,5.897435897435899,0.0005696555024882,1.0,1.0,,1.0,0.0,1.0,0.0
368.0,5.641025641025643,0.0005302636550103,1.0,1.0,,1.0,0.0,1.0,0.0
369.0,5.384615384615388,0.0004910568273577,,0.0,,,,,0.0
370.0,5.128205128205132,0.0004525061781608,,0.0,,,,,0.0
371.0,4.871794871794877,0.0004140079075634,,0.0,,,,,0.0
372.0,4.61538461538461,0.0003778359154446,,0.0,,,,,0.0
373.0,4.358974358974354,0.0003455394939099,,0.0,,,,,0.0
374.0,4.102564102564099,0.0003189424408814,,0.0,,,,,0.0
375.0,3.846153846153844,0.0002923453878529,,0.0,,,,,0.0
376.0,3.589743589743588,0.0002657483348244,,0.0,,,,,0.0
377.0,3.3333333333333326,0.0002399111975967,,0.0,,,,,0.0
378.0,3.076923076923077,0.0002147917586253,,0.0,,,,,0.0
379.0,2.8205128205128216,0.0001896723196539,,0.0,,,,,0.0
380.0,2.564102564102566,0.0001645528806825,,0.0,,,,,0.0
381.0,2.3076923076923106,0.0001407555174465,,0.0,,,,,0.0
382.0,2.051282051282055,0.0001169581542104,,0.0,,,,,0.0
383.0,1.7948717948717996,9.37709797753358e-05,,0.0,,,,,0.0
384.0,1.538461538461533,7.171488701997463e-05,,0.0,,,,,0.0
385.0,1.2820512820512775,5.01839393302173e-05,,0.0,,,,,0.0
386.0,1.025641025641022,3.744732238698056e-05,,0.0,,,,,0.0
387.0,0.7692307692307665,2.5059653853147568e-05,,0.0,,,,,0.0
388.0,0.512820512820511,1.3160972235123776e-05,,0.0,,,,,0.0
389.0,0.2564102564102555,5.687420144464203e-06,,0.0,,,,,0.0
390.0,0.0,0.0,,0.0,,,,,
