step,removed_node,normalized_efficiency,percent_remaining,removal_time_seconds
0,,1.0,100.0,0.0
1,"(410, 409)",0.9919577028554001,99.91869918699187,20.3641
2,"(354, 355)",0.9937526004049971,99.83739837398375,20.7606
3,"(446, 447)",0.9940086639322694,99.7560975609756,20.8053
4,"(298, 418)",0.9959044349427524,99.67479674796748,21.3931
5,"(329, 328)",0.9902826171803601,99.59349593495935,21.75
6,"(164, 218)",0.9861026192429109,99.51219512195122,22.1525
7,"(464, 463)",0.9763314202559832,99.43089430894308,18.5446
8,"(114, 113)",0.9586924065048268,99.34959349593497,18.8635
9,"(38, 457)",0.9556460344248856,99.26829268292683,18.6965
10,"(312, 313)",0.9532328553110727,99.1869918699187,18.736
11,"(479, 480)",0.9531706023074517,99.10569105691057,18.6979
12,"(499, 500)",0.9532916285694788,99.02439024390245,18.812
13,"(175, 176)",0.94950514711393,98.9430894308943,18.8546
14,"(484, 483)",0.9483634193309693,98.86178861788618,18.5277
15,"(92, 93)",0.9454195217775726,98.78048780487805,18.541
16,"(194, 193)",0.9363582660368375,98.69918699186991,18.5469
17,"(178, 177)",0.9315813621026159,98.6178861788618,18.2243
18,"(296, 295)",0.9184263757100379,98.53658536585365,18.3107
19,"(77, 516)",0.9195616266861909,98.45528455284553,18.1432
20,"(315, 316)",0.9192437599321313,98.3739837398374,18.118
21,"(524, 525)",0.9081896353766932,98.29268292682927,18.0377
22,"(27, 235)",0.9175425590167877,98.21138211382113,20.244
23,"(73, 22)",0.8955599097278346,98.130081300813,18.7517
24,"(76, 75)",0.8936102733898609,98.04878048780488,18.4225
25,"(215, 167)",0.8938923683561482,97.96747967479675,18.6135
26,"(218, 219)",0.8936395671267885,97.88617886178862,18.8275
27,"(292, 293)",0.8825640773879021,97.80487804878048,18.522
28,"(202, 185)",0.8809997149311565,97.72357723577237,18.4523
29,"(480, 114)",0.8809374218687002,97.64227642276423,18.3356
30,"(81, 389)",0.8813532747115101,97.5609756097561,18.3241
31,"(350, 349)",0.8810872884631417,97.47967479674797,18.3128
32,"(66, 65)",0.8744355556978559,97.39837398373984,18.1031
33,"(6, 7)",0.8737021187907786,97.3170731707317,18.4093
34,"(234, 233)",0.8703234859633177,97.23577235772358,18.0075
35,"(292, 340)",0.8740137588099994,97.15447154471545,18.4932
36,"(483, 482)",0.8736970443221374,97.07317073170731,18.682
37,"(167, 168)",0.8687652869507411,96.9918699186992,19.1325
38,"(117, 118)",0.8684640424437382,96.91056910569105,18.8262
39,"(402, 85)",0.8656987926903474,96.82926829268293,18.9757
40,"(142, 141)",0.8650718890255298,96.7479674796748,18.8058
41,"(236, 237)",0.8545484784873161,96.66666666666667,18.405
42,"(452, 451)",0.8550717293288963,96.58536585365853,18.8335
43,"(368, 367)",0.8545290304775688,96.50406504065042,18.3496
44,"(53, 54)",0.8475701406305698,96.42276422764228,18.9024
45,"(24, 23)",0.8233160373731578,96.34146341463415,18.1867
46,"(355, 354)",0.8242479007789972,96.26016260162602,18.2169
47,"(327, 420)",0.815764504960545,96.17886178861788,17.8283
48,"(74, 75)",0.8014456478883539,96.09756097560975,16.6997
49,"(113, 114)",0.7838136239656225,96.01626016260163,16.9461
50,"(91, 92)",0.7837732142290864,95.9349593495935,16.9134
51,"(123, 124)",0.7811595440458565,95.85365853658536,17.0691
52,"(252, 251)",0.780167176013699,95.77235772357724,18.2922
53,"(356, 345)",0.770121728090263,95.6910569105691,17.0193
54,"(182, 432)",0.7671590041444438,95.60975609756098,16.6936
55,"(282, 283)",0.7486564309127519,95.52845528455285,16.4353
56,"(522, 521)",0.745677356506338,95.44715447154472,15.6626
57,"(384, 383)",0.7462657388330733,95.36585365853658,15.5402
58,"(345, 356)",0.7431386862013416,95.28455284552845,15.7202
59,"(482, 483)",0.7419403768735203,95.20325203252033,15.5824
60,"(421, 422)",0.7418559838691177,95.1219512195122,15.7823
61,"(54, 53)",0.729554987475335,95.04065040650407,15.5582
62,"(321, 322)",0.7285871683110152,94.95934959349593,15.7689
63,"(194, 195)",0.7286706537460441,94.8780487804878,16.4186
64,"(253, 252)",0.7283185290698636,94.79674796747967,15.8551
65,"(417, 194)",0.7279197613514958,94.71544715447155,16.3175
66,"(304, 305)",0.7268289382213156,94.6341463414634,15.3661
67,"(436, 437)",0.7187813473723036,94.5528455284553,15.2406
68,"(110, 111)",0.714047175436107,94.47154471544715,15.0387
69,"(537, 538)",0.7135770073012018,94.39024390243902,14.9328
70,"(430, 433)",0.7134335966551211,94.3089430894309,14.9641
71,"(77, 76)",0.7115238543335493,94.22764227642276,15.3742
72,"(88, 87)",0.7089982314857133,94.14634146341463,15.7523
73,"(322, 321)",0.7087854354398037,94.0650406504065,15.6073
74,"(411, 410)",0.7083525181634659,93.98373983739837,14.9071
75,"(178, 179)",0.7046927000199159,93.90243902439023,15.0183
76,"(77, 78)",0.6914879873067308,93.82113821138212,14.85
77,"(328, 327)",0.6913911011538602,93.73983739837398,14.6649
78,"(554, 555)",0.6904546419231539,93.65853658536585,14.9404
79,"(100, 99)",0.6912824845545019,93.57723577235772,15.0197
80,"(302, 38)",0.6846604975165699,93.4959349593496,14.8026
81,"(238, 239)",0.6810685518221973,93.41463414634146,14.825
82,"(494, 493)",0.6781360772436167,93.33333333333333,14.7877
83,"(49, 535)",0.67630407504257,93.2520325203252,14.752
84,"(162, 163)",0.6722142538664309,93.17073170731706,14.8221
85,"(144, 145)",0.6722827104198534,93.08943089430895,14.829
86,"(347, 346)",0.672095330651324,93.0081300813008,14.783
87,"(44, 43)",0.6572985339703461,92.92682926829269,14.789
88,"(92, 91)",0.6556106687814128,92.84552845528455,15.0011
89,"(393, 344)",0.6428917647866441,92.76422764227642,14.1678
90,"(161, 162)",0.6424745115579081,92.6829268292683,14.9398
91,"(506, 505)",0.6391347204518597,92.60162601626017,14.3715
92,"(18, 17)",0.6311359251811036,92.52032520325203,14.2575
93,"(538, 550)",0.6276982936888763,92.4390243902439,14.0124
94,"(209, 208)",0.6235170156941923,92.35772357723577,13.7704
95,"(192, 191)",0.621749716990118,92.27642276422763,14.1967
96,"(104, 105)",0.6119128592782405,92.19512195121952,13.7228
97,"(396, 397)",0.6076722090123104,92.11382113821138,13.487
98,"(172, 183)",0.6065901956390046,92.03252032520325,14.0362
99,"(37, 504)",0.5752400459329966,91.95121951219512,13.9338
100,"(550, 538)",0.5751785169005019,91.869918699187,13.7744
101,"(88, 492)",0.5740494257701864,91.78861788617886,12.5668
102,"(27, 186)",0.5680270687832003,91.70731707317074,12.2415
103,"(331, 332)",0.5550563631167157,91.6260162601626,12.5412
104,"(559, 45)",0.5549064020222041,91.54471544715447,12.3657
105,"(181, 182)",0.5547000093020835,91.46341463414635,11.9612
106,"(190, 191)",0.5485038140196927,91.3821138211382,11.8932
107,"(318, 317)",0.5482246171337127,91.30081300813008,12.01
108,"(320, 319)",0.5482065964793861,91.21951219512195,11.9315
109,"(438, 439)",0.5466554740695315,91.13821138211382,11.8056
110,"(171, 172)",0.546107495836134,91.05691056910568,11.8174
111,"(214, 213)",0.5340049732910666,90.97560975609757,11.7508
112,"(233, 232)",0.533919346123578,90.89430894308943,11.8257
113,"(522, 523)",0.5327761383037497,90.8130081300813,11.6607
114,"(250, 341)",0.5308684008219828,90.73170731707317,11.4861
115,"(442, 443)",0.5293687952926969,90.65040650406505,11.5647
116,"(341, 340)",0.5293600450828819,90.5691056910569,11.3663
117,"(516, 77)",0.5226000544651351,90.48780487804878,11.876
118,"(180, 181)",0.5224698345981551,90.40650406504065,12.6455
119,"(17, 16)",0.5215247753478263,90.32520325203252,11.9199
120,"(335, 336)",0.5183975390854604,90.2439024390244,11.5687
121,"(281, 282)",0.5174642547116893,90.16260162601625,11.8643
122,"(87, 88)",0.5153162150746664,90.08130081300814,11.6577
123,"(0, 1)",0.5116958024902987,90.0,11.6432
124,"(190, 120)",0.509724053090975,89.91869918699187,11.3633
125,"(359, 360)",0.5086149477692048,89.83739837398375,11.5976
126,"(167, 215)",0.5087040093451921,89.75609756097562,11.6284
127,"(235, 27)",0.5140583837020037,89.67479674796748,11.3825
128,"(448, 449)",0.49876343396489103,89.59349593495935,10.9274
129,"(378, 379)",0.4972946492102921,89.51219512195122,10.6752
130,"(134, 64)",0.496291097640352,89.43089430894308,10.9674
131,"(1, 2)",0.49625902092202484,89.34959349593497,10.7724
132,"(39, 38)",0.4872912330002816,89.26829268292683,10.6851
133,"(104, 103)",0.48586472808318465,89.1869918699187,10.4756
134,"(529, 530)",0.4856583484053358,89.10569105691057,10.7378
135,"(96, 97)",0.49229906744658974,89.02439024390245,10.7442
136,"(297, 255)",0.4888602814262833,88.9430894308943,10.8765
137,"(412, 413)",0.48332085436357214,88.86178861788619,10.7185
138,"(138, 137)",0.4706965022994845,88.78048780487805,10.168
139,"(236, 481)",0.46999875108620204,88.69918699186992,10.1393
140,"(265, 264)",0.46665752117203746,88.6178861788618,10.823
141,"(120, 489)",0.4675747671210662,88.53658536585365,10.4318
142,"(158, 157)",0.4538422903655533,88.45528455284553,10.8991
143,"(29, 28)",0.4454464568340637,88.3739837398374,10.1821
144,"(38, 37)",0.42689939571332564,88.29268292682927,9.8314
145,"(57, 56)",0.4267754085988404,88.21138211382113,9.7004
146,"(209, 210)",0.42587666847717215,88.13008130081302,9.5977
147,"(105, 106)",0.4222675689412498,88.04878048780488,9.3844
148,"(77, 234)",0.4187873771848726,87.96747967479675,9.3842
149,"(183, 184)",0.4185163147746632,87.88617886178862,9.1955
150,"(208, 209)",0.41824440895082643,87.8048780487805,9.4712
151,"(458, 459)",0.41830889277287275,87.72357723577235,10.1315
152,"(63, 142)",0.41813694895665243,87.64227642276423,9.3007
153,"(457, 38)",0.41758901094063955,87.5609756097561,9.2337
154,"(405, 406)",0.41739041529462084,87.47967479674796,9.3211
155,"(471, 472)",0.41630679049454167,87.39837398373984,9.4949
156,"(37, 38)",0.4055514376412801,87.3170731707317,9.7153
157,"(187, 186)",0.40169748368707314,87.23577235772358,9.6614
158,"(461, 160)",0.4016799733042274,87.15447154471545,9.4807
159,"(277, 278)",0.3491818555677217,87.07317073170732,7.7601
160,"(435, 434)",0.3477917997150834,86.99186991869918,7.7354
161,"(45, 559)",0.34665902557896316,86.91056910569105,7.9413
162,"(168, 167)",0.34027288210853895,86.82926829268293,7.6514
163,"(383, 384)",0.3392918939815191,86.7479674796748,7.4072
164,"(468, 467)",0.3391620708327233,86.66666666666667,7.4398
165,"(10, 9)",0.3382085794458596,86.58536585365853,7.4956
166,"(145, 146)",0.3382022681605844,86.5040650406504,7.5385
167,"(113, 112)",0.336689953214603,86.42276422764228,7.4529
168,"(348, 347)",0.33663802611941873,86.34146341463415,7.4328
169,"(4, 5)",0.3365999932557526,86.260162601626,7.3642
170,"(185, 202)",0.3342529528275923,86.1788617886179,7.3129
171,"(28, 27)",0.3337136122701105,86.09756097560975,7.2762
172,"(133, 14)",0.33585347643098823,86.01626016260163,7.2788
173,"(477, 476)",0.3323651848007627,85.9349593495935,7.1925
174,"(546, 198)",0.3322090182605392,85.85365853658537,7.2612
175,"(390, 391)",0.33182002983969683,85.77235772357723,7.1057
176,"(192, 177)",0.33154771629663293,85.6910569105691,7.1481
177,"(129, 128)",0.3291062884957894,85.60975609756098,7.2887
178,"(406, 405)",0.32519803899287414,85.52845528455283,7.3674
179,"(97, 16)",0.3242232107714305,85.44715447154472,7.5282
180,"(273, 38)",0.3226977428749703,85.36585365853658,7.4354
181,"(557, 558)",0.32263643846482387,85.28455284552845,7.2603
182,"(70, 69)",0.32060843203436734,85.20325203252033,7.5882
183,"(158, 159)",0.3011824505591648,85.1219512195122,6.6172
184,"(491, 492)",0.30093138775791317,85.04065040650406,6.3413
185,"(373, 172)",0.30055167313485615,84.95934959349594,6.2572
186,"(442, 132)",0.2801480541783103,84.8780487804878,5.5592
187,"(220, 221)",0.2784525146882093,84.79674796747967,5.7704
188,"(336, 337)",0.27812008032452024,84.71544715447155,5.7347
189,"(93, 94)",0.2776011298426743,84.6341463414634,5.7079
190,"(453, 454)",0.27584042385497665,84.55284552845528,5.6052
191,"(492, 491)",0.2758117126196493,84.47154471544715,6.1679
192,"(149, 148)",0.2683035541834656,84.39024390243902,5.978
193,"(314, 547)",0.2681820029370389,84.30894308943088,5.7799
194,"(81, 80)",0.26734482890099415,84.22764227642277,5.4837
195,"(122, 123)",0.26705054241806925,84.14634146341463,5.5995
196,"(255, 297)",0.266158773558259,84.0650406504065,5.5604
197,"(230, 352)",0.26548314484640545,83.98373983739837,5.5568
198,"(408, 407)",0.2640832928048227,83.90243902439025,5.9461
199,"(541, 540)",0.26398117379080427,83.82113821138212,5.5519
200,"(151, 150)",0.263436546324925,83.73983739837398,5.6309
201,"(505, 489)",0.26320432382291054,83.65853658536585,5.6383
202,"(267, 268)",0.25789942123908327,83.57723577235772,5.6853
203,"(221, 222)",0.2571287388926889,83.4959349593496,5.4037
204,"(433, 430)",0.2569509124899606,83.41463414634146,5.5821
205,"(379, 380)",0.25686154487832746,83.33333333333334,5.4137
206,"(351, 352)",0.25553880083669805,83.2520325203252,5.3702
207,"(392, 458)",0.25550332141740717,83.17073170731707,5.659
208,"(441, 440)",0.25533235342694144,83.08943089430895,5.4738
209,"(235, 26)",0.2526954711151264,83.0081300813008,5.5196
210,"(23, 24)",0.24423012921543558,82.92682926829268,5.0507
211,"(519, 520)",0.2430174621518109,82.84552845528455,4.9525
212,"(188, 187)",0.24044024643677045,82.76422764227642,5.0928
213,"(527, 528)",0.2403368863616312,82.6829268292683,5.0025
214,"(429, 430)",0.24012352332584722,82.60162601626017,4.9897
215,"(34, 35)",0.23510785451227684,82.52032520325203,4.929
216,"(172, 373)",0.23492145584384186,82.43902439024392,4.9695
217,"(229, 120)",0.2349588013549607,82.35772357723577,5.1567
218,"(225, 224)",0.2300059070595217,82.27642276422765,4.9121
219,"(390, 389)",0.22795935011309898,82.19512195121952,4.9328
220,"(401, 400)",0.22653675727296968,82.11382113821138,4.855
221,"(303, 304)",0.2263691755434956,82.03252032520325,4.7365
222,"(146, 109)",0.22631935430274192,81.95121951219512,4.8529
223,"(385, 386)",0.2261303917341753,81.869918699187,4.8098
224,"(110, 109)",0.2252114049715365,81.78861788617886,4.783
225,"(472, 471)",0.22517220593934698,81.70731707317074,4.5686
226,"(338, 337)",0.2225460627727322,81.6260162601626,4.7246
227,"(64, 134)",0.22218027248849817,81.54471544715447,4.7908
228,"(342, 343)",0.2219592150860417,81.46341463414635,4.6397
229,"(250, 251)",0.2187272690654624,81.38211382113822,4.9332
230,"(258, 257)",0.2179103430793027,81.30081300813008,4.445
231,"(493, 448)",0.21781826984378871,81.21951219512195,4.4657
232,"(269, 268)",0.21626825316720455,81.13821138211382,4.6071
233,"(189, 188)",0.21500750957048181,81.0569105691057,4.5002
234,"(343, 344)",0.21478909009633976,80.97560975609757,4.5155
235,"(159, 158)",0.2144705731280199,80.89430894308943,4.5349
236,"(288, 287)",0.21112787048373644,80.8130081300813,4.476
237,"(322, 284)",0.21104359293394248,80.73170731707317,4.4694
238,"(16, 97)",0.20306164998346796,80.65040650406505,4.3099
239,"(264, 263)",0.2028665433960465,80.5691056910569,4.3087
240,"(148, 149)",0.1916015450758811,80.48780487804879,4.1353
241,"(489, 120)",0.19125924450430604,80.40650406504065,4.2082
242,"(330, 329)",0.19116379926947677,80.32520325203252,4.1145
243,"(212, 455)",0.19114649195593725,80.2439024390244,4.0891
244,"(74, 73)",0.1908325690623234,80.16260162601625,4.1287
245,"(170, 169)",0.19043662072202477,80.08130081300813,4.0717
246,"(473, 472)",0.19043332494361415,80.0,4.1271
247,"(109, 146)",0.18986084873068335,79.91869918699187,4.0656
248,"(467, 466)",0.189840863335475,79.83739837398373,4.1043
249,"(314, 313)",0.18939140228574708,79.75609756097562,4.5488
250,"(311, 312)",0.18930275957558965,79.67479674796748,4.7126
251,"(414, 415)",0.1884335564066569,79.59349593495935,4.4536
252,"(214, 215)",0.1872954340741633,79.51219512195122,4.1538
253,"(172, 196)",0.18682707569222193,79.4308943089431,4.1328
254,"(357, 88)",0.18669186110005587,79.34959349593495,4.1948
255,"(21, 552)",0.18619115944188674,79.26829268292683,4.0853
256,"(436, 435)",0.1860619107061615,79.1869918699187,4.1368
257,"(392, 391)",0.1859947380968551,79.10569105691056,4.2192
258,"(245, 228)",0.18434564099038786,79.02439024390245,4.1453
259,"(307, 551)",0.18420925329761004,78.9430894308943,4.0553
260,"(466, 465)",0.1841957371730239,78.86178861788618,4.0394
261,"(51, 52)",0.18381609985001035,78.78048780487805,4.0281
262,"(251, 252)",0.18354180023282746,78.69918699186992,3.9907
263,"(191, 192)",0.1826472416861337,78.61788617886178,4.1494
264,"(410, 411)",0.18230698580426846,78.53658536585367,4.0392
265,"(40, 39)",0.1820035816177128,78.45528455284553,4.0231
266,"(371, 370)",0.18160374975299404,78.3739837398374,4.0678
267,"(420, 419)",0.18152062032399427,78.29268292682927,4.1156
268,"(243, 242)",0.17303025323436486,78.21138211382113,3.9757
269,"(165, 166)",0.17168562070874407,78.130081300813,3.8641
270,"(358, 359)",0.17166359103199924,78.04878048780488,3.9206
271,"(174, 175)",0.17093985824542168,77.96747967479675,3.7271
272,"(314, 315)",0.1708940863227158,77.88617886178861,4.0133
273,"(141, 142)",0.17015001742128594,77.8048780487805,3.8969
274,"(501, 502)",0.16936951757147367,77.72357723577235,3.826
275,"(353, 354)",0.16894382101434713,77.64227642276423,3.8373
276,"(14, 13)",0.1614472369064312,77.5609756097561,3.6595
277,"(203, 173)",0.15906905147003825,77.47967479674797,3.5796
278,"(526, 527)",0.15902909764721468,77.39837398373983,3.6732
279,"(517, 150)",0.15828963558526235,77.3170731707317,3.6591
280,"(212, 211)",0.1581574666946555,77.23577235772358,3.6081
281,"(337, 336)",0.1579935079646342,77.15447154471545,3.7225
282,"(174, 370)",0.15269273642299053,77.07317073170732,3.5116
283,"(533, 228)",0.15246314927742294,76.99186991869918,3.5461
284,"(361, 345)",0.15229582793342825,76.91056910569105,3.5262
285,"(319, 320)",0.15223699794918527,76.82926829268293,3.4846
286,"(393, 394)",0.15109971604340283,76.7479674796748,3.4721
287,"(401, 402)",0.15088001931251188,76.66666666666666,3.4994
288,"(12, 13)",0.14916302913756543,76.58536585365854,3.4996
289,"(265, 266)",0.14864328608125663,76.5040650406504,3.4917
290,"(274, 286)",0.14678588588212077,76.42276422764228,3.4955
291,"(488, 188)",0.14663128491232694,76.34146341463415,3.3963
292,"(121, 120)",0.14395459225531956,76.260162601626,3.4789
293,"(280, 281)",0.1438598239035159,76.17886178861788,3.4643
294,"(26, 25)",0.14262086944810995,76.09756097560975,3.314
295,"(217, 177)",0.14210233545839618,76.01626016260163,3.2098
296,"(365, 366)",0.1389904617115032,75.93495934959348,3.3608
297,"(198, 546)",0.13886829721087876,75.85365853658537,3.3135
298,"(299, 300)",0.13864540237393544,75.77235772357723,3.2832
299,"(506, 507)",0.13619573608220573,75.6910569105691,3.2605
300,"(416, 415)",0.13542608899350664,75.60975609756098,3.242
301,"(35, 34)",0.13013531393220001,75.52845528455285,3.0918
302,"(58, 57)",0.13011328328412905,75.44715447154472,2.9163
303,"(432, 182)",0.12986059108927697,75.36585365853658,3.1631
304,"(24, 25)",0.1289825702502444,75.28455284552845,2.8364
305,"(244, 243)",0.12853632643401935,75.20325203252033,3.0173
306,"(52, 53)",0.12849447004820413,75.1219512195122,2.8865
307,"(384, 539)",0.12736755558880605,75.04065040650406,2.9079
308,"(404, 365)",0.12713225224511504,74.95934959349593,2.9477
309,"(2, 3)",0.12711828459690083,74.8780487804878,2.8896
310,"(64, 135)",0.12676193121764812,74.79674796747969,2.8913
311,"(166, 215)",0.12669949064962502,74.71544715447153,2.9715
312,"(493, 494)",0.12255993271968472,74.63414634146342,2.8172
313,"(120, 121)",0.12205973771064481,74.5528455284553,2.7704
314,"(222, 221)",0.12127550558507705,74.47154471544715,2.7567
315,"(88, 357)",0.12112671458974596,74.39024390243902,2.8846
316,"(487, 29)",0.12059139292011942,74.3089430894309,2.7746
317,"(360, 361)",0.12056677151669871,74.22764227642276,2.7841
318,"(72, 71)",0.11980648552426766,74.14634146341463,2.8111
319,"(495, 268)",0.11971771302764309,74.06504065040652,2.8268
320,"(264, 265)",0.11946353580813243,73.98373983739836,2.7741
321,"(100, 0)",0.11920350009038393,73.90243902439025,2.7911
322,"(118, 119)",0.119038653376158,73.82113821138212,2.7613
323,"(5, 4)",0.11859959366369786,73.739837398374,2.856
324,"(503, 504)",0.11831640930662655,73.65853658536585,2.6848
325,"(220, 219)",0.11778657979207365,73.57723577235772,2.8226
326,"(211, 212)",0.11773838987419437,73.4959349593496,2.7485
327,"(361, 360)",0.11769216615385214,73.41463414634146,2.6939
328,"(177, 176)",0.11754824713266629,73.33333333333334,2.7951
329,"(389, 390)",0.11751834971422687,73.2520325203252,2.8358
330,"(256, 255)",0.11734617457623159,73.17073170731707,2.7761
331,"(357, 356)",0.11727641393320634,73.08943089430895,3.6324
332,"(88, 397)",0.11705324055299553,73.00813008130082,2.7468
333,"(434, 435)",0.11701615089310692,72.92682926829268,2.6607
334,"(59, 58)",0.11700016893977172,72.84552845528455,2.7486
335,"(510, 509)",0.11628288377247896,72.76422764227642,3.0225
336,"(386, 385)",0.11565920093866011,72.6829268292683,2.8528
337,"(396, 395)",0.11540440849484877,72.60162601626017,3.5249
338,"(459, 460)",0.1153986943059593,72.52032520325203,2.6863
339,"(300, 301)",0.11534552181797487,72.4390243902439,3.0635
340,"(531, 530)",0.11496593579964294,72.35772357723577,3.328
341,"(3, 2)",0.11465838625568261,72.27642276422765,2.639
342,"(465, 466)",0.11377336140547545,72.1951219512195,2.9026
343,"(55, 54)",0.11372710462497447,72.11382113821139,3.4814
344,"(474, 408)",0.11231341850885156,72.03252032520325,2.7905
345,"(257, 258)",0.11130283151889804,71.95121951219512,2.7714
346,"(250, 249)",0.1107007464331723,71.869918699187,2.7047
347,"(366, 126)",0.11061271213160034,71.78861788617887,2.7016
348,"(150, 151)",0.10999091408439697,71.70731707317073,2.9503
349,"(515, 237)",0.10824208943680479,71.6260162601626,2.8005
350,"(130, 115)",0.10700986194345256,71.54471544715447,3.0146
351,"(324, 325)",0.10673218590489218,71.46341463414633,2.6829
352,"(455, 212)",0.10672022693751643,71.38211382113822,2.6094
353,"(165, 35)",0.10670367196277515,71.30081300813008,2.7867
354,"(518, 164)",0.10587886690762842,71.21951219512195,2.9957
355,"(231, 232)",0.10547781535621009,71.13821138211382,2.5859
356,"(179, 180)",0.10540805471318479,71.0569105691057,2.4814
357,"(15, 16)",0.10120261472890349,70.97560975609755,2.6151
358,"(163, 162)",0.09990368256922351,70.89430894308944,2.4686
359,"(376, 377)",0.09979325645555771,70.8130081300813,2.584
360,"(71, 70)",0.09968861549101979,70.73170731707317,2.5641
361,"(332, 333)",0.09963012002360265,70.65040650406505,2.4649
362,"(461, 460)",0.09916291804107148,70.5691056910569,2.6543
363,"(344, 392)",0.09906714175454126,70.48780487804878,2.4526
364,"(365, 404)",0.09753422364039882,70.40650406504065,2.6174
365,"(30, 29)",0.0964645028974771,70.32520325203252,2.5497
366,"(271, 270)",0.09594728261518984,70.24390243902438,2.4253
367,"(14, 15)",0.09558098315443672,70.16260162601627,2.5789
368,"(70, 71)",0.09293912577372593,70.08130081300813,2.4216
369,"(318, 319)",0.09291516503648027,70.0,2.4562
370,"(259, 258)",0.09274055825055519,69.91869918699187,2.4013
371,"(362, 369)",0.09242735077383951,69.83739837398375,2.4057
372,"(529, 528)",0.09224691566022576,69.7560975609756,2.4289
373,"(542, 541)",0.09221112419384953,69.67479674796748,2.3049
374,"(173, 203)",0.09132353967333758,69.59349593495935,2.4908
375,"(114, 480)",0.09052756585504149,69.51219512195121,2.2681
376,"(353, 0)",0.09028615803978189,69.4308943089431,2.4891
377,"(307, 308)",0.09015179435062526,69.34959349593495,2.3376
378,"(544, 490)",0.09014961419746473,69.26829268292683,2.3775
379,"(278, 277)",0.089651271852587,69.1869918699187,2.403
380,"(256, 257)",0.08947718264896362,69.10569105691057,2.2975
381,"(276, 36)",0.08911291997324751,69.02439024390243,2.8459
382,"(255, 280)",0.08899322570601052,68.9430894308943,2.4079
383,"(29, 30)",0.08683809898721818,68.86178861788618,2.2377
384,"(232, 543)",0.08679199455712085,68.78048780487805,2.4046
385,"(389, 81)",0.08668767009372072,68.69918699186992,2.3476
386,"(539, 384)",0.08660986606329756,68.61788617886178,2.259
387,"(169, 170)",0.08650512019553702,68.53658536585365,2.6249
388,"(80, 79)",0.08631975620121266,68.45528455284553,2.2371
389,"(413, 414)",0.08629882800830507,68.3739837398374,2.462
390,"(399, 398)",0.08614792890679496,68.29268292682926,2.2015
391,"(15, 133)",0.0855650308954033,68.21138211382114,2.3112
392,"(458, 392)",0.08539254314582292,68.130081300813,2.317
393,"(530, 529)",0.08538532652757894,68.04878048780488,2.2142
394,"(391, 392)",0.08522063084349069,67.96747967479675,2.3834
395,"(277, 290)",0.085175631395737,67.88617886178862,2.2551
396,"(52, 51)",0.08482269128519675,67.80487804878048,2.2669
397,"(83, 84)",0.08417394997737081,67.72357723577235,2.3754
398,"(132, 442)",0.08406243104686295,67.64227642276424,2.2905
399,"(326, 325)",0.08387638047462434,67.56097560975608,2.2466
400,"(68, 69)",0.08327889583166165,67.47967479674797,2.2583
401,"(539, 540)",0.08308540638654163,67.39837398373984,2.3446
402,"(403, 384)",0.08301443149866732,67.3170731707317,2.1577
403,"(143, 144)",0.08299696462789496,67.23577235772358,2.3554
404,"(78, 79)",0.08276520736677545,67.15447154471545,2.1442
405,"(13, 12)",0.08273407747939526,67.07317073170731,2.3473
406,"(443, 442)",0.08265515795684468,66.9918699186992,2.2419
407,"(319, 318)",0.08265050724730966,66.91056910569107,2.5433
408,"(27, 28)",0.08175186244374867,66.82926829268293,2.2813
409,"(22, 147)",0.0812132810089895,66.7479674796748,2.1115
410,"(412, 411)",0.08095432104624407,66.66666666666667,2.2023
411,"(331, 330)",0.0808708729735383,66.58536585365853,2.2825
412,"(353, 462)",0.08075224458080739,66.5040650406504,2.1608
413,"(397, 88)",0.08069244974392856,66.42276422764229,2.9615
414,"(504, 503)",0.08042775415757746,66.34146341463413,2.2283
415,"(497, 38)",0.07977197012213508,66.26016260162602,2.228
416,"(407, 408)",0.07954653087326727,66.1788617886179,2.2487
417,"(526, 525)",0.07931999942605285,66.09756097560975,2.2755
418,"(304, 303)",0.07911492247420865,66.01626016260163,2.1085
419,"(427, 536)",0.07908906332439779,65.9349593495935,2.2911
420,"(116, 115)",0.07820356998009588,65.85365853658536,2.1695
421,"(91, 90)",0.0781906788875681,65.77235772357723,2.1949
422,"(175, 195)",0.07807017645886152,65.69105691056912,2.1817
423,"(241, 242)",0.07752046410179285,65.60975609756098,2.2584
424,"(532, 531)",0.07750885067671974,65.52845528455285,2.1702
425,"(481, 237)",0.07723548686699953,65.44715447154472,2.1306
426,"(408, 475)",0.07710584730580405,65.3658536585366,2.2072
427,"(258, 259)",0.07693599825968497,65.28455284552845,2.1003
428,"(82, 83)",0.07681311220389425,65.20325203252033,2.2054
429,"(140, 141)",0.07678520794668413,65.1219512195122,2.2493
430,"(478, 477)",0.07669263786499203,65.04065040650406,2.0855
431,"(387, 386)",0.07660786678944227,64.95934959349594,2.2184
432,"(519, 518)",0.0764581985007698,64.8780487804878,2.0579
433,"(306, 305)",0.07634656842341063,64.79674796747967,2.2461
434,"(28, 29)",0.07603241893224706,64.71544715447155,2.1361
435,"(49, 48)",0.07581516004532818,64.63414634146342,2.0413
436,"(424, 423)",0.07530868315580429,64.55284552845528,2.1069
437,"(116, 117)",0.07512616168778724,64.47154471544717,2.2254
438,"(120, 511)",0.07488619060878489,64.39024390243902,2.1415
439,"(496, 497)",0.0748318035494733,64.3089430894309,2.528
440,"(491, 490)",0.07481764186854907,64.22764227642277,2.2489
441,"(305, 304)",0.07477113477319888,64.14634146341463,2.0261
442,"(354, 353)",0.07475293634458359,64.0650406504065,2.0676
443,"(521, 522)",0.07463085521928932,63.98373983739838,2.1774
444,"(272, 273)",0.074480605591925,63.90243902439025,2.0317
445,"(523, 291)",0.0743934047881434,63.82113821138211,2.1945
446,"(374, 373)",0.07435637798530687,63.739837398373986,2.0255
447,"(332, 331)",0.07428854274107186,63.65853658536585,2.1025
448,"(106, 105)",0.0739616076068051,63.577235772357724,2.1098
449,"(345, 361)",0.07395106163166232,63.4959349593496,2.0625
450,"(508, 509)",0.07374831667088855,63.41463414634146,2.0186
451,"(292, 291)",0.0733559585838284,63.33333333333333,2.0004
452,"(301, 300)",0.07325755039614389,63.25203252032521,2.1946
453,"(397, 396)",0.0732052299138749,63.170731707317074,1.9534
454,"(16, 17)",0.07308448345800404,63.08943089430894,2.1314
455,"(60, 545)",0.07305146125985881,63.00813008130082,1.9408
456,"(253, 254)",0.07284969202510365,62.926829268292686,2.0807
457,"(67, 68)",0.07257587725712658,62.84552845528455,2.0032
458,"(325, 326)",0.07246927185762983,62.764227642276424,1.9831
459,"(531, 532)",0.07243681818313057,62.68292682926829,2.0716
460,"(356, 357)",0.07236705754010529,62.601626016260155,1.9071
461,"(302, 303)",0.0722100960932984,62.520325203252035,2.0821
462,"(283, 282)",0.07208777301712466,62.4390243902439,1.9686
463,"(237, 515)",0.07127136134559753,62.35772357723577,1.9788
464,"(150, 512)",0.07114236771481855,62.27642276422765,2.0895
465,"(261, 262)",0.07087177171730023,62.19512195121951,1.9398
466,"(128, 129)",0.06980449438454744,62.11382113821138,1.9797
467,"(459, 458)",0.06977103439188997,62.03252032520326,2.1414
468,"(219, 220)",0.06974487415075549,61.951219512195124,2.016
469,"(56, 57)",0.06965191487832166,61.86991869918699,2.0277
470,"(263, 264)",0.06959585721874775,61.78861788617886,2.795
471,"(227, 226)",0.06930773835195868,61.70731707317073,2.1702
472,"(241, 240)",0.06861442213498171,61.6260162601626,1.9784
473,"(139, 0)",0.06809852351738098,61.54471544715447,2.0263
474,"(317, 316)",0.06808296141403031,61.46341463414634,1.9724
475,"(418, 298)",0.06804133500835698,61.382113821138205,1.8752
476,"(215, 214)",0.06800645468684434,61.300813008130085,2.0774
477,"(454, 453)",0.06796909166343551,61.21951219512195,1.87
478,"(82, 81)",0.06779917466863816,61.138211382113816,1.9482
479,"(31, 30)",0.06736898403664883,61.056910569105696,1.9641
480,"(462, 353)",0.06734905242435589,60.97560975609756,1.8682
481,"(152, 153)",0.06675197922617132,60.89430894308943,1.9327
482,"(417, 175)",0.06604625192642624,60.8130081300813,1.9138
483,"(313, 314)",0.06600615054838464,60.731707317073166,2.1277
484,"(546, 306)",0.06599663773342665,60.65040650406503,1.8288
485,"(17, 18)",0.06588004860466855,60.56910569105691,1.8718
486,"(55, 301)",0.06585277434894285,60.48780487804878,1.9226
487,"(136, 135)",0.06550690921767294,60.40650406504064,1.9044
488,"(469, 468)",0.06548662444105065,60.32520325203252,2.0108
489,"(375, 374)",0.06546759881113465,60.24390243902439,1.8326
490,"(306, 546)",0.06545732382485774,60.162601626016254,2.0998
491,"(187, 188)",0.06438388605910762,60.081300813008134,2.3175
492,"(162, 161)",0.06421045413389684,60.0,1.8824
493,"(240, 239)",0.06391643915432083,59.918699186991866,1.9279
494,"(41, 40)",0.0637699418039677,59.83739837398374,1.9451
495,"(336, 335)",0.06365360147085046,59.756097560975604,1.8819
496,"(233, 234)",0.06341371596259716,59.67479674796748,1.7821
497,"(485, 486)",0.06269751908963273,59.59349593495935,1.9222
498,"(163, 164)",0.06246746879620626,59.512195121951216,1.8742
499,"(39, 50)",0.062367400378017884,59.43089430894308,1.8667
500,"(343, 342)",0.06231169610386415,59.34959349593496,1.948
501,"(107, 108)",0.06189527640400449,59.26829268292684,1.8275
502,"(492, 88)",0.06186307918414666,59.18699186991869,2.5916
503,"(62, 63)",0.061760155764151815,59.10569105691057,1.9648
504,"(328, 329)",0.06153932338776773,59.024390243902445,1.8793
505,"(284, 322)",0.0615292802607115,58.943089430894304,1.8791
506,"(293, 292)",0.06135519574698019,58.86178861788618,1.8011
507,"(556, 557)",0.061333603166996174,58.78048780487806,1.9481
508,"(444, 443)",0.06128175867137194,58.69918699186991,1.8445
509,"(294, 295)",0.06108911197255593,58.61788617886179,1.7752
510,"(36, 276)",0.060698064936480195,58.53658536585367,1.8426
511,"(95, 96)",0.06064314968448456,58.45528455284552,1.9154
512,"(1, 0)",0.06038458780809336,58.3739837398374,1.8673
513,"(351, 350)",0.060328530148519466,58.29268292682927,1.7612
514,"(86, 87)",0.060157616573107496,58.21138211382113,1.8015
515,"(207, 208)",0.06004918574077276,58.13008130081301,1.8902
516,"(98, 114)",0.05986003015862129,58.04878048780488,1.7511
517,"(172, 171)",0.059599263977131556,57.96747967479674,1.8036
518,"(236, 235)",0.058944912734487896,57.886178861788615,1.8049
519,"(188, 488)",0.05892774958854562,57.804878048780495,1.8727
520,"(411, 412)",0.058906821395638034,57.72357723577235,1.841
521,"(25, 24)",0.058697539466562115,57.642276422764226,1.7106
522,"(252, 253)",0.05862777882353681,57.560975609756106,1.7606
523,"(38, 39)",0.05830699061957466,57.47967479674796,1.7098
524,"(448, 493)",0.0582814875569415,57.39837398373984,1.8557
525,"(456, 457)",0.05826598519182477,57.31707317073172,1.7059
526,"(294, 293)",0.05814390406653051,57.23577235772358,1.8202
527,"(34, 33)",0.05777018633603784,57.15447154471545,1.6845
528,"(387, 388)",0.05764915681412692,57.07317073170732,1.7031
529,"(185, 184)",0.05736690414991243,56.99186991869919,1.7796
530,"(348, 349)",0.05707621836645255,56.91056910569105,1.6814
531,"(32, 31)",0.05676229547283872,56.82926829268293,1.706
532,"(555, 554)",0.05673793163628138,56.7479674796748,1.7462
533,"(145, 144)",0.056718332420407455,56.666666666666664,1.6932
534,"(196, 172)",0.05655970134899833,56.585365853658544,1.782
535,"(485, 484)",0.05618385897064855,56.50406504065041,1.6829
536,"(211, 210)",0.056099300615466356,56.422764227642276,1.6411
537,"(478, 479)",0.05603706828049377,56.34146341463415,1.6929
538,"(413, 412)",0.05582612538372678,56.26016260162602,1.8194
539,"(553, 203)",0.055754817418168214,56.17886178861789,1.6584
540,"(476, 475)",0.05556364779982387,56.09756097560976,1.7401
541,"(11, 12)",0.05550524011168703,56.016260162601625,1.6782
542,"(13, 404)",0.05547035979017436,55.93495934959349,1.7016
543,"(470, 469)",0.05545651445752364,55.85365853658537,1.7727
544,"(362, 494)",0.055349018301489035,55.77235772357724,1.6769
545,"(418, 419)",0.05531298163262078,55.6910569105691,1.6322
546,"(159, 160)",0.05523880432550784,55.60975609756098,1.7076
547,"(198, 197)",0.05518897529477548,55.52845528455285,1.7386
548,"(126, 127)",0.05502156744796516,55.447154471544714,1.7244
549,"(205, 204)",0.05472529712963223,55.365853658536594,1.7388
550,"(196, 197)",0.05468393317188544,55.28455284552846,1.7216
551,"(435, 436)",0.05467346907543165,55.203252032520325,1.5912
552,"(10, 11)",0.05462891192490999,55.1219512195122,1.668
553,"(551, 538)",0.05461155139959091,55.040650406504064,1.6577
554,"(21, 103)",0.054308466908361566,54.95934959349593,1.6352
555,"(507, 506)",0.05421435798895569,54.87804878048781,1.7433
556,"(334, 333)",0.054092951704380665,54.796747967479675,1.614
557,"(114, 98)",0.05393943380060642,54.71544715447154,1.9188
558,"(310, 309)",0.053802174513446925,54.63414634146342,1.9297
559,"(186, 27)",0.05363754355983598,54.552845528455286,1.7457
560,"(142, 63)",0.05356601755520234,54.47154471544715,1.697
561,"(153, 154)",0.05333372367375186,54.390243902439025,1.6431
562,"(263, 262)",0.05314406671677979,54.3089430894309,1.6524
563,"(524, 164)",0.053016883636742715,54.22764227642276,1.6397
564,"(166, 167)",0.05297652212184951,54.146341463414636,1.7646
565,"(143, 118)",0.05296506607820243,54.0650406504065,1.6936
566,"(246, 228)",0.052443716981249326,53.98373983739837,1.601
567,"(73, 74)",0.0519692582858449,53.90243902439025,1.6895
568,"(369, 362)",0.0513216091749962,53.82113821138211,1.5882
569,"(232, 398)",0.05106256060890207,53.73983739837398,1.5883
570,"(113, 376)",0.05102475079435138,53.65853658536586,1.6565
571,"(344, 426)",0.05092079876160064,53.577235772357724,1.7311
572,"(21, 102)",0.050609716788488364,53.49593495934959,2.2058
573,"(309, 308)",0.050587075176278404,53.41463414634147,2.2931
574,"(471, 470)",0.05057998087359787,53.333333333333336,2.1558
575,"(509, 510)",0.05050474920787556,53.2520325203252,1.6008
576,"(398, 399)",0.05043816651541709,53.170731707317074,1.6775
577,"(400, 401)",0.050388752726607505,53.08943089430894,1.6822
578,"(540, 541)",0.05027602661414974,53.008130081300806,1.5678
579,"(458, 391)",0.05027384939579642,52.926829268292686,1.6116
580,"(0, 101)",0.050158052188476035,52.84552845528455,1.6512
581,"(151, 152)",0.05005263251445356,52.76422764227642,1.6644
582,"(414, 413)",0.04990912490594438,52.6829268292683,1.6563
583,"(200, 201)",0.04957893217113011,52.60162601626016,1.6111
584,"(168, 169)",0.049537075785314924,52.52032520325203,1.6919
585,"(136, 94)",0.04934186040880922,52.4390243902439,1.5559
586,"(270, 271)",0.049137944683042965,52.357723577235774,1.6752
587,"(202, 201)",0.04892655634494065,52.27642276422764,1.5318
588,"(155, 156)",0.04871351538372179,52.19512195121951,1.6389
589,"(388, 234)",0.04867427502202006,52.11382113821138,1.5012
590,"(120, 190)",0.048429575211235275,52.032520325203244,1.6222
591,"(69, 68)",0.04826447502274207,51.951219512195124,1.5276
592,"(246, 247)",0.04753026293203794,51.86991869918699,1.6453
593,"(26, 27)",0.04714430598496482,51.788617886178855,1.516
594,"(58, 59)",0.04711066201883539,51.707317073170735,1.4551
595,"(223, 222)",0.04705384339555686,51.6260162601626,1.5715
596,"(204, 203)",0.04698757078468283,51.544715447154466,1.5159
597,"(439, 172)",0.04697826936561279,51.463414634146346,1.4908
598,"(244, 245)",0.04673012079256566,51.38211382113821,1.5771
599,"(451, 452)",0.04660361064247542,51.30081300813008,1.4882
600,"(335, 334)",0.04656175425666024,51.21951219512195,1.5298
601,"(545, 60)",0.04655047649628688,51.138211382113816,1.4991
602,"(119, 113)",0.046480715853261585,51.05691056910568,1.5166
603,"(151, 512)",0.04625511474666298,50.97560975609756,1.5934
604,"(182, 422)",0.04623618579169575,50.89430894308944,1.4366
605,"(515, 514)",0.046123861464689254,50.81300813008129,1.5783
606,"(257, 256)",0.04607154098242028,50.73170731707317,1.3964
607,"(22, 98)",0.04573746501997569,50.650406504065046,1.5416
608,"(460, 459)",0.04572072246564962,50.569105691056905,1.4002
609,"(486, 487)",0.04557429547915562,50.48780487804878,1.5595
610,"(50, 39)",0.045305061666902326,50.40650406504066,1.5172
611,"(247, 246)",0.04515489508792255,50.325203252032516,2.1147
612,"(109, 110)",0.045032813962628274,50.24390243902439,1.3838
613,"(266, 265)",0.0448409721943087,50.16260162601627,1.4971
614,"(141, 140)",0.04483336194234231,50.08130081300812,1.4827
615,"(249, 250)",0.044616605658656563,50.0,1.5042
616,"(475, 408)",0.0444849158378123,49.918699186991866,1.4583
617,"(218, 164)",0.044159498261072246,49.837398373983746,1.5102
618,"(144, 143)",0.04415734071541167,49.75609756097561,1.3599
619,"(22, 23)",0.04371829313479219,49.67479674796748,1.4413
620,"(31, 32)",0.04314459489429368,49.59349593495935,1.3371
621,"(195, 175)",0.04311506577738577,49.51219512195122,1.4059
622,"(216, 213)",0.04292746155939656,49.43089430894309,1.3974
623,"(156, 155)",0.04250856243310572,49.34959349593496,1.3558
624,"(238, 237)",0.04222134904093128,49.26829268292683,1.3828
625,"(237, 482)",0.042209722267093734,49.18699186991869,1.4229
626,"(42, 41)",0.042108071044399724,49.10569105691057,1.2862
627,"(490, 491)",0.042078173625960315,49.02439024390244,1.5015
628,"(41, 42)",0.04144548271023234,48.943089430894304,1.302
629,"(538, 551)",0.0414340290826917,48.861788617886184,1.3518
630,"(547, 314)",0.04140637055768793,48.78048780487805,1.3331
631,"(6, 5)",0.04137149023617528,48.699186991869915,1.3548
632,"(47, 48)",0.041088709225519514,48.61788617886179,1.3275
633,"(391, 390)",0.04105651200566168,48.536585365853654,1.3999
634,"(213, 216)",0.04099815454466937,48.45528455284553,1.3023
635,"(163, 423)",0.04064135349704031,48.3739837398374,1.746
636,"(36, 199)",0.04041247508240231,48.292682926829265,1.3602
637,"(489, 505)",0.04037865236345659,48.21138211382113,1.3937
638,"(201, 200)",0.04023059516243196,48.13008130081301,1.3444
639,"(287, 286)",0.04017484094887855,48.048780487804876,1.3981
640,"(490, 544)",0.040173742356075,47.96747967479674,1.3684
641,"(183, 172)",0.04009058413506475,47.88617886178862,1.2527
642,"(47, 46)",0.039869569734207334,47.80487804878049,1.3066
643,"(323, 313)",0.039794260491000134,47.72357723577236,1.3134
644,"(460, 461)",0.03978867963955811,47.642276422764226,1.3299
645,"(254, 253)",0.03965676171964292,47.5609756097561,1.306
646,"(185, 498)",0.0395988830723199,47.47967479674797,1.3204
647,"(510, 36)",0.039563113166301386,47.39837398373984,1.3534
648,"(123, 122)",0.039355020040992145,47.3170731707317,1.2362
649,"(84, 83)",0.0390727678337535,47.23577235772358,1.2916
650,"(215, 166)",0.039017529140542725,47.15447154471545,1.307
651,"(132, 131)",0.03874582162658727,47.073170731707314,1.2766
652,"(449, 450)",0.03869873319254519,46.991869918699194,1.2732
653,"(126, 366)",0.03851477795426048,46.91056910569106,1.3541
654,"(90, 89)",0.03850823789397686,46.829268292682926,1.2366
655,"(131, 130)",0.03842452512234651,46.7479674796748,1.2754
656,"(296, 297)",0.03833732431856489,46.666666666666664,1.2912
657,"(308, 307)",0.038325697544727345,46.58536585365853,1.3441
658,"(152, 151)",0.038057119069079944,46.50406504065041,1.2488
659,"(284, 283)",0.03804691019449088,46.422764227642276,1.2782
660,"(0, 353)",0.03800729611505865,46.34146341463414,1.2673
661,"(377, 376)",0.03770808329886128,46.26016260162602,1.2916
662,"(457, 456)",0.03769313458964157,46.17886178861789,1.2827
663,"(268, 267)",0.037581517560801095,46.09756097560975,1.319
664,"(105, 447)",0.037486494489006254,46.01626016260163,1.2146
665,"(477, 478)",0.03743724874124234,45.9349593495935,1.333
666,"(311, 310)",0.03740943085758081,45.853658536585364,1.2001
667,"(366, 365)",0.03738030015358989,45.77235772357724,1.2653
668,"(385, 384)",0.037352303932289416,45.6910569105691,1.2432
669,"(48, 49)",0.03730563646764489,45.609756097560975,1.276
670,"(169, 168)",0.03722192369601454,45.52845528455285,1.281
671,"(300, 299)",0.0371991488978504,45.447154471544714,1.2729
672,"(38, 497)",0.03717057106243829,45.36585365853658,1.4041
673,"(382, 381)",0.036943553728124336,45.28455284552846,1.2458
674,"(175, 417)",0.036788253249008494,45.203252032520325,1.254
675,"(556, 555)",0.03676881384936365,45.12195121951219,1.2461
676,"(488, 489)",0.036763581801136765,45.04065040650407,1.3163
677,"(355, 230)",0.03670254123848963,44.959349593495936,1.1924
678,"(309, 310)",0.036610899788733914,44.8780487804878,1.267
679,"(177, 178)",0.03652120753341567,44.796747967479675,1.2272
680,"(42, 43)",0.03631715765256669,44.71544715447154,1.2255
681,"(295, 296)",0.036275301266751506,44.634146341463406,1.2199
682,"(112, 111)",0.036181124398667365,44.552845528455286,1.2435
683,"(514, 515)",0.03610567738389967,44.47154471544715,1.3132
684,"(474, 26)",0.03587311243521939,44.39024390243902,1.1639
685,"(148, 147)",0.03572772071741852,44.3089430894309,1.2251
686,"(37, 36)",0.03566004470535419,44.22764227642276,1.2286
687,"(447, 105)",0.035640863142803486,44.14634146341463,1.2045
688,"(72, 15)",0.03544005366992831,44.06504065040651,1.1968
689,"(203, 204)",0.03534694888099023,43.983739837398375,1.2103
690,"(400, 399)",0.035332996752385167,43.90243902439024,1.2316
691,"(157, 158)",0.035268785251418695,43.82113821138211,1.2154
692,"(90, 91)",0.035232111084799685,43.73983739837398,1.2009
693,"(431, 432)",0.035190049520622664,43.65853658536586,1.1976
694,"(525, 524)",0.035182706295041055,43.577235772357724,1.2907
695,"(86, 85)",0.034928421916759045,43.49593495934959,1.1368
696,"(164, 524)",0.03490911316735025,43.41463414634147,1.2057
697,"(301, 55)",0.03489225434528581,43.333333333333336,1.1928
698,"(370, 371)",0.03466149526055724,43.2520325203252,1.2057
699,"(498, 499)",0.0346266149390446,43.17073170731708,1.2015
700,"(437, 436)",0.034565706305865924,43.08943089430895,1.2099
701,"(463, 464)",0.03452191431595106,43.00813008130081,1.1969
702,"(237, 236)",0.034505969026116697,42.926829268292686,1.1905
703,"(267, 266)",0.0344362083830914,42.84552845528455,1.1988
704,"(36, 35)",0.034244314256886975,42.76422764227642,1.1859
705,"(535, 534)",0.03423163050360965,42.6829268292683,1.1972
706,"(371, 367)",0.034053242573587814,42.60162601626016,1.1355
707,"(251, 250)",0.034000922091318844,42.52032520325203,1.1839
708,"(315, 314)",0.0339907717332067,42.43902439024391,1.2524
709,"(405, 22)",0.033962070211504866,42.357723577235774,1.1001
710,"(94, 136)",0.03387722023345591,42.27642276422764,1.2495
711,"(118, 117)",0.03377920216534512,42.19512195121952,1.1112
712,"(33, 34)",0.033465279271731284,42.113821138211385,1.1569
713,"(334, 335)",0.033417089353851966,42.03252032520325,1.1454
714,"(111, 110)",0.03337058225850178,41.951219512195124,1.172
715,"(377, 378)",0.033345960855081076,41.86991869918699,1.1837
716,"(527, 526)",0.03333164156519694,41.788617886178855,1.1873
717,"(194, 417)",0.03302421362800269,41.707317073170735,1.1766
718,"(480, 479)",0.0329562649497313,41.6260162601626,1.1748
719,"(165, 36)",0.032869878566017016,41.544715447154466,1.2456
720,"(20, 21)",0.03281941510730717,41.463414634146346,1.1167
721,"(514, 513)",0.03272815661012527,41.38211382113821,1.3247
722,"(237, 481)",0.03249365352549408,41.30081300813008,1.3621
723,"(229, 487)",0.03243189895633835,41.21951219512196,1.1604
724,"(402, 401)",0.03239753231501896,41.13821138211382,1.1634
725,"(269, 270)",0.032312973959836774,41.05691056910569,1.1555
726,"(43, 44)",0.03212823527099611,40.97560975609756,1.6133
727,"(75, 76)",0.03181431237738229,40.89430894308943,1.2108
728,"(262, 261)",0.03167747419298651,40.81300813008129,1.1679
729,"(199, 200)",0.031625153710717537,40.73170731707317,1.0768
730,"(399, 400)",0.03159899346958306,40.65040650406504,1.1337
731,"(63, 64)",0.031376839545243715,40.569105691056905,1.1523
732,"(503, 502)",0.0311771649238579,40.487804878048784,1.1474
733,"(466, 467)",0.031124645428353446,40.40650406504065,1.1425
734,"(297, 296)",0.031020004463815497,40.325203252032516,1.1209
735,"(513, 512)",0.030947546650759168,40.243902439024396,1.1381
736,"(137, 138)",0.030807498608110665,40.16260162601626,1.1228
737,"(450, 451)",0.030781338366976177,40.08130081300813,1.1183
738,"(208, 207)",0.03068548543149466,40.0,1.1211
739,"(438, 437)",0.030639884318521413,39.918699186991866,1.1206
740,"(217, 216)",0.03055818602535275,39.83739837398373,1.1216
741,"(548, 549)",0.030538847609288735,39.75609756097561,1.1108
742,"(115, 129)",0.030506650389430904,39.67479674796748,1.1074
743,"(538, 537)",0.030493570268863658,39.59349593495934,1.1043
744,"(536, 427)",0.030478035304768634,39.51219512195122,1.1196
745,"(227, 228)",0.02995125219857546,39.43089430894309,1.1913
746,"(281, 280)",0.02986389528961931,39.34959349593497,1.0707
747,"(443, 444)",0.02984171638036252,39.268292682926834,1.0968
748,"(450, 449)",0.029744818770886222,39.1869918699187,1.1077
749,"(193, 192)",0.02966110599925587,39.10569105691057,1.1053
750,"(548, 547)",0.029638039136734032,39.02439024390244,1.1202
751,"(416, 126)",0.029549235981352857,38.943089430894304,1.1123
752,"(155, 154)",0.02930108740830573,38.861788617886184,1.1282
753,"(333, 332)",0.029266207086793086,38.78048780487805,1.1225
754,"(379, 378)",0.02912278252666846,38.699186991869915,1.1149
755,"(146, 145)",0.02912062498100788,38.617886178861795,1.1429
756,"(84, 85)",0.02900946094335588,38.53658536585366,1.1047
757,"(508, 507)",0.02893921246366607,38.45528455284553,1.0238
758,"(517, 516)",0.028900480197160974,38.3739837398374,1.1031
759,"(243, 244)",0.02867724613948002,38.29268292682927,1.1054
760,"(62, 61)",0.028652735152593437,38.21138211382114,1.1098
761,"(245, 244)",0.02845183356050435,38.13008130081301,1.0753
762,"(254, 255)",0.028390152939884054,38.048780487804876,1.1014
763,"(157, 156)",0.02832039229685876,37.96747967479674,1.0809
764,"(415, 414)",0.028215751332320814,37.88617886178862,1.0217
765,"(422, 182)",0.028131267315579387,37.80487804878049,1.0832
766,"(502, 503)",0.028096386994066736,37.72357723577235,1.1304
767,"(542, 543)",0.027956366906347827,37.64227642276423,1.0152
768,"(195, 194)",0.027936435294054884,37.5609756097561,1.1349
769,"(534, 535)",0.027901371391902692,37.479674796747965,1.0149
770,"(482, 237)",0.02784239193916312,37.398373983739845,1.079
771,"(160, 161)",0.027810194719305296,37.31707317073171,1.0701
772,"(176, 175)",0.02769508965831356,37.235772357723576,1.082
773,"(138, 139)",0.027657038398481576,37.15447154471545,1.0646
774,"(101, 0)",0.027571726412313327,37.073170731707314,1.0755
775,"(94, 95)",0.027548573095447164,36.99186991869918,1.0747
776,"(470, 471)",0.02750278512591891,36.91056910569106,0.9905
777,"(63, 372)",0.02748418969020234,36.829268292682926,1.1354
778,"(228, 533)",0.02745207560099631,36.74796747967479,1.0134
779,"(223, 224)",0.027282413579309453,36.66666666666667,1.0743
780,"(398, 232)",0.027242061718544656,36.58536585365854,1.1275
781,"(327, 328)",0.027171379708536,36.5040650406504,1.0116
782,"(120, 189)",0.02706775757835458,36.422764227642276,1.11
783,"(135, 136)",0.02703786015991517,36.34146341463415,0.9856
784,"(419, 418)",0.02702684532154275,36.260162601626014,1.0439
785,"(18, 19)",0.026990815099320897,36.17886178861789,1.2529
786,"(175, 174)",0.02671177252721971,36.09756097560975,1.1815
787,"(93, 92)",0.026675959473960918,36.01626016260162,1.4969
788,"(376, 113)",0.026643188637582926,35.9349593495935,1.0603
789,"(381, 380)",0.02658713097800903,35.853658536585364,1.0188
790,"(66, 67)",0.026414329939311733,35.77235772357723,1.0177
791,"(85, 402)",0.02640124981874449,35.69105691056911,1.0156
792,"(364, 365)",0.026254835516775914,35.609756097560975,1.0274
793,"(96, 95)",0.026163951214832587,35.52845528455284,1.014
794,"(291, 292)",0.026104156377953762,35.44715447154472,1.01
795,"(270, 269)",0.025964635091903162,35.36585365853659,0.9604
796,"(85, 84)",0.025904840255024337,35.28455284552846,1.0234
797,"(26, 235)",0.025462764543273047,35.203252032520325,1.062
798,"(109, 108)",0.02533053641535691,35.12195121951219,0.9454
799,"(340, 341)",0.025326275975153495,35.04065040650407,1.0742
800,"(133, 132)",0.025240404061996503,34.959349593495936,0.9494
801,"(288, 289)",0.02503030621117571,34.8780487804878,0.9959
802,"(53, 52)",0.02499542588966306,34.79674796747968,1.0097
803,"(486, 485)",0.024758163043329767,34.71544715447155,0.9763
804,"(363, 364)",0.024588146390470966,34.63414634146341,1.1192
805,"(305, 306)",0.024555949170613135,34.552845528455286,1.5388
806,"(364, 363)",0.024373725915195536,34.47154471544715,1.0912
807,"(472, 473)",0.024370430136784894,34.390243902439025,0.9936
808,"(38, 302)",0.024300669493759596,34.3089430894309,0.9907
809,"(369, 368)",0.024258813107944414,34.22764227642276,1.2553
810,"(255, 254)",0.024189745411621,34.14634146341463,1.0418
811,"(106, 107)",0.024085104447083054,34.06504065040651,1.0028
812,"(299, 298)",0.0240734776732455,33.983739837398375,1.0835
813,"(48, 47)",0.024031621287430322,33.90243902439024,1.3677
814,"(71, 72)",0.02394790851579997,33.82113821138212,1.018
815,"(386, 387)",0.02392000425858985,33.739837398373986,1.0761
816,"(483, 484)",0.023880631751510263,33.65853658536585,0.9284
817,"(395, 394)",0.023758550626215992,33.577235772357724,0.9642
818,"(547, 548)",0.02375368360460958,33.4959349593496,1.0647
819,"(210, 209)",0.023701363122340603,33.41463414634146,0.9272
820,"(313, 323)",0.023660643108990995,33.333333333333336,0.9751
821,"(79, 78)",0.023496207307574218,33.2520325203252,0.9725
822,"(216, 217)",0.023464010087716387,33.17073170731707,0.9543
823,"(122, 121)",0.023443081894808794,33.08943089430895,0.9523
824,"(112, 113)",0.02321893476253269,33.00813008130081,1.0034
825,"(125, 126)",0.02312038199956786,32.92682926829268,1.2221
826,"(154, 153)",0.02289714794188691,32.84552845528456,0.9633
827,"(543, 232)",0.022841436821591062,32.764227642276424,0.9502
828,"(160, 461)",0.022814025674955343,32.68292682926829,0.9897
829,"(408, 409)",0.022778901435110438,32.60162601626016,0.9016
830,"(453, 452)",0.02276816902849116,32.52032520325203,1.0239
831,"(346, 347)",0.022635374661589432,32.4390243902439,0.8968
832,"(197, 196)",0.0226031774417316,32.357723577235774,0.9415
833,"(518, 519)",0.022507369805368937,32.27642276422764,0.9577
834,"(349, 350)",0.022437121325679123,32.195121951219505,0.9633
835,"(370, 174)",0.02230845510232345,32.113821138211385,0.9703
836,"(278, 279)",0.0221386858220441,32.03252032520325,0.9759
837,"(124, 123)",0.0220503073385899,31.951219512195117,0.892
838,"(204, 205)",0.02197575200121426,31.869918699186993,0.9427
839,"(170, 171)",0.02194784774400414,31.788617886178862,0.9473
840,"(370, 454)",0.021937638869415074,31.707317073170728,0.9536
841,"(95, 94)",0.021913618721267167,31.626016260162604,0.9387
842,"(27, 26)",0.02167776865585594,31.54471544715447,0.9261
843,"(329, 330)",0.02162524299522512,31.463414634146336,0.9177
844,"(248, 247)",0.02150316186993085,31.382113821138212,0.9113
845,"(321, 320)",0.02149799441489194,31.300813008130078,0.9308
846,"(499, 498)",0.021272687051386803,31.219512195121958,0.9311
847,"(279, 228)",0.02115847366778711,31.138211382113823,0.9401
848,"(290, 277)",0.021102416008213214,31.05691056910569,0.9154
849,"(415, 416)",0.021081487815305628,30.975609756097565,0.8578
850,"(266, 267)",0.021046607493792974,30.89430894308943,0.8993
851,"(36, 165)",0.020985231543438985,30.8130081300813,0.9132
852,"(285, 49)",0.02097549750022615,30.731707317073177,0.8865
853,"(235, 484)",0.020875839438761444,30.650406504065042,0.9076
854,"(22, 73)",0.02062619602501626,30.569105691056908,0.8873
855,"(324, 323)",0.02059816719522931,30.487804878048784,0.9067
856,"(340, 292)",0.02059406362799253,30.40650406504065,0.8907
857,"(35, 165)",0.020582751091285725,30.325203252032516,0.9176
858,"(512, 513)",0.0205315932864005,30.243902439024396,0.893
859,"(105, 104)",0.020499398311363787,30.16260162601626,0.9177
860,"(404, 13)",0.020423250273311374,30.081300813008127,0.9006
861,"(35, 36)",0.020290445074011662,30.000000000000004,0.8299
862,"(425, 424)",0.020220196594321848,29.91869918699187,0.8712
863,"(85, 86)",0.020136483822691488,29.83739837398374,0.8785
864,"(179, 178)",0.019934495051750056,29.756097560975615,0.8593
865,"(511, 448)",0.019927518987447528,29.67479674796748,0.871
866,"(352, 230)",0.01987634322615484,29.593495934959346,0.8625
867,"(124, 125)",0.01983829196632286,29.512195121951223,0.8613
868,"(172, 439)",0.019809113235826698,29.43089430894309,0.8913
869,"(367, 371)",0.0197626061404765,29.349593495934954,1.3789
870,"(186, 187)",0.019603886485094445,29.268292682926834,0.9919
871,"(349, 348)",0.01957926508167375,29.1869918699187,0.8561
872,"(164, 163)",0.01946881073021703,29.105691056910565,0.8829
873,"(380, 381)",0.019396724732424223,29.02439024390244,0.8555
874,"(445, 444)",0.01937358101931979,28.943089430894307,0.8848
875,"(12, 11)",0.01936161228154584,28.861788617886177,0.7916
876,"(430, 431)",0.01933958260480101,28.780487804878053,0.8468
877,"(428, 427)",0.019298657843658508,28.69918699186992,0.9241
878,"(125, 124)",0.019227897891881472,28.617886178861784,0.8005
879,"(49, 285)",0.01921886243789108,28.53658536585366,0.8686
880,"(230, 231)",0.01919560889021598,28.455284552845526,0.837
881,"(63, 62)",0.019175442979869565,28.373983739837392,0.9226
882,"(383, 382)",0.019145545561430152,28.292682926829272,0.7814
883,"(164, 518)",0.019087568810807774,28.211382113821138,0.841
884,"(147, 148)",0.01900385603917742,28.130081300813004,0.9218
885,"(44, 45)",0.018890494994261313,28.04878048780488,0.779
886,"(107, 106)",0.018791667416642142,27.967479674796746,0.8285
887,"(543, 542)",0.01878469135233961,27.886178861788615,0.8989
888,"(444, 445)",0.01876946581517139,27.80487804878049,0.7833
889,"(75, 74)",0.018560183886095493,27.723577235772357,0.8315
890,"(128, 127)",0.018472914188480526,27.642276422764223,0.9213
891,"(201, 202)",0.01836827322394258,27.5609756097561,0.785
892,"(45, 44)",0.018281072420160957,27.479674796747965,0.834
893,"(317, 318)",0.018260605970328844,27.39837398373983,0.852
894,"(206, 205)",0.01816642910224469,27.31707317073171,0.891
895,"(61, 62)",0.018150926737127957,27.235772357723576,0.779
896,"(525, 526)",0.018129998544220368,27.15447154471544,0.8509
897,"(137, 94)",0.018094869077554056,27.073170731707318,0.8836
898,"(484, 235)",0.018000692209469905,26.991869918699184,0.7712
899,"(224, 225)",0.017914451031758604,26.910569105691064,0.8142
900,"(177, 217)",0.017862523936574358,26.82926829268293,0.8751
901,"(108, 107)",0.01781020345430538,26.747967479674795,0.7746
902,"(103, 104)",0.017705562489767433,26.66666666666667,0.8446
903,"(282, 281)",0.01769454765139502,26.585365853658537,0.8201
904,"(230, 355)",0.017636496830591823,26.504065040650403,0.831
905,"(38, 273)",0.01745395648134229,26.422764227642283,0.8116
906,"(182, 181)",0.017296995034535367,26.34146341463415,0.8247
907,"(102, 101)",0.01726909077732525,26.260162601626014,0.7686
908,"(347, 348)",0.01722723439151007,26.17886178861789,0.8088
909,"(239, 238)",0.01712259342697212,26.097560975609756,0.8056
910,"(501, 500)",0.01695167985156014,26.016260162601622,0.8008
911,"(56, 55)",0.01694543262979668,25.934959349593502,0.797
912,"(126, 125)",0.016906306008273794,25.853658536585368,0.8145
913,"(103, 21)",0.016851797006089995,25.772357723577233,0.7481
914,"(426, 344)",0.016579367517019564,25.69105691056911,0.7996
915,"(509, 508)",0.016537511131204382,25.609756097560975,0.8826
916,"(181, 180)",0.016401477877305053,25.52845528455284,0.7375
917,"(262, 263)",0.016349157395036076,25.44715447154472,0.7766
918,"(495, 496)",0.016312726837011758,25.365853658536587,0.8795
919,"(113, 119)",0.016232038806836185,25.284552845528452,0.7369
920,"(423, 163)",0.016199841586978354,25.20325203252033,0.7761
921,"(437, 438)",0.016189377490524563,25.121951219512194,0.856
922,"(108, 109)",0.016084736525986614,25.04065040650406,0.7349
923,"(260, 259)",0.015976924623129333,24.95934959349594,0.7887
924,"(150, 149)",0.015884491771120817,24.878048780487806,0.7636
925,"(521, 520)",0.015720055969704043,24.79674796747967,0.8323
926,"(22, 405)",0.015654466474059596,24.715447154471548,0.7164
927,"(489, 488)",0.015644500667913126,24.634146341463413,0.782
928,"(160, 159)",0.015557299864131506,24.55284552845528,0.8453
929,"(434, 433)",0.015540557309805435,24.47154471544716,0.7181
930,"(394, 395)",0.015424289571429935,24.390243902439025,0.7703
931,"(362, 363)",0.015348872660051232,24.30894308943089,0.8159
932,"(275, 276)",0.015308533128553934,24.227642276422767,0.712
933,"(32, 33)",0.015099251199478043,24.146341463414632,0.7735
934,"(237, 238)",0.014994610234940092,24.065040650406498,0.7525
935,"(197, 198)",0.01497258055819526,23.983739837398378,0.7461
936,"(291, 523)",0.014819107143539605,23.902439024390244,0.7436
937,"(78, 77)",0.014735394371909244,23.82113821138211,0.7631
938,"(487, 187)",0.01471364478502905,23.739837398373986,0.7464
939,"(350, 351)",0.014671788399213874,23.65853658536585,0.7335
940,"(33, 32)",0.014462506470137977,23.577235772357717,0.7349
941,"(161, 160)",0.014410185987869003,23.495934959349597,0.7592
942,"(313, 312)",0.01439117977186109,23.414634146341463,0.7568
943,"(46, 47)",0.014296504613469612,23.33333333333333,0.7392
944,"(528, 529)",0.014276573001176669,23.252032520325205,0.7264
945,"(359, 358)",0.014265178762815871,23.17073170731707,0.7218
946,"(289, 288)",0.01423413144366725,23.089430894308936,0.7567
947,"(463, 164)",0.014227269741074597,23.008130081300816,0.7354
948,"(365, 364)",0.014180762645724394,22.926829268292682,0.7323
949,"(420, 327)",0.014157037086665243,22.84552845528456,0.7475
950,"(65, 66)",0.014034791947319969,22.764227642276424,0.7234
951,"(15, 72)",0.013877210007123298,22.68292682926829,0.7262
952,"(64, 63)",0.013807774519637524,22.60162601626017,0.7327
953,"(394, 393)",0.01373801387661223,22.520325203252035,0.6687
954,"(550, 549)",0.013717287888467032,22.4390243902439,0.8199
955,"(207, 206)",0.013670780793116831,22.357723577235777,0.6691
956,"(166, 165)",0.013576105634725357,22.276422764227643,0.7258
957,"(199, 36)",0.013458993644536054,22.19512195121951,0.7267
958,"(286, 274)",0.01342953915081426,22.113821138211385,0.7362
959,"(119, 118)",0.013381010007840135,22.032520325203254,0.7423
960,"(333, 334)",0.013356388604419442,21.95121951219512,0.6509
961,"(210, 211)",0.013328484347209324,21.869918699186996,0.7672
962,"(192, 193)",0.013148527774239516,21.788617886178862,0.6526
963,"(272, 271)",0.012939245845163622,21.707317073170728,0.6869
964,"(39, 40)",0.01281716471986935,21.626016260162608,0.774
965,"(2, 1)",0.012791004478734864,21.544715447154474,0.6378
966,"(276, 275)",0.012743916044692787,21.46341463414634,0.7042
967,"(345, 346)",0.01270903572318014,21.382113821138216,0.7105
968,"(68, 67)",0.012586954597885867,21.30081300813008,0.7191
969,"(239, 240)",0.012457399117981742,21.219512195121947,0.6446
970,"(452, 453)",0.012429494860771623,21.138211382113823,0.77
971,"(65, 64)",0.012369700023892795,21.056910569105693,0.6412
972,"(76, 77)",0.012160418094816898,20.97560975609756,0.6944
973,"(176, 177)",0.012090414383349004,20.894308943089435,0.6685
974,"(174, 173)",0.011985773418811059,20.8130081300813,0.7508
975,"(271, 272)",0.01193926632346086,20.731707317073166,0.6208
976,"(54, 55)",0.011894651958735377,20.650406504065046,0.6592
977,"(83, 82)",0.011834857121856552,20.56910569105691,0.7537
978,"(242, 243)",0.011730216157318606,20.487804878048777,0.6097
979,"(20, 19)",0.011575604360985323,20.406504065040654,0.6609
980,"(232, 231)",0.011538398684705166,20.32520325203252,0.6625
981,"(409, 410)",0.011519373054789174,20.243902439024385,0.6609
982,"(132, 133)",0.011035430266758555,20.16260162601626,0.66
983,"(260, 261)",0.010965181787068744,20.08130081300813,0.5997
984,"(502, 501)",0.010912861304799772,19.999999999999996,0.6613
985,"(249, 248)",0.010853066467920945,19.918699186991873,0.7257
986,"(224, 223)",0.01082316904948153,19.83739837398374,0.6
987,"(188, 189)",0.010544945778240007,19.756097560975604,0.651
988,"(149, 150)",0.010452327392606419,19.674796747967484,0.6518
989,"(80, 81)",0.010307392861853535,19.59349593495935,0.6505
990,"(177, 192)",0.010292959625365541,19.512195121951216,0.6336
991,"(23, 22)",0.010153438339314945,19.430894308943092,0.5676
992,"(255, 339)",0.010045654312838496,19.349593495934958,0.5509
993,"(408, 474)",0.00989915696248537,19.268292682926823,0.6447
994,"(79, 80)",0.009829396319460074,19.1869918699187,0.5132
995,"(130, 131)",0.00963809893528806,19.10569105691057,0.5822
996,"(484, 485)",0.00959624254947288,19.024390243902435,0.5873
997,"(228, 246)",0.009543922067203905,18.94308943089431,0.5835
998,"(280, 255)",0.009481316361924792,18.861788617886177,0.5688
999,"(520, 521)",0.009411555718899492,18.780487804878042,0.504
1000,"(295, 294)",0.009327842947269136,18.699186991869922,0.617
1001,"(234, 388)",0.009296795628120516,18.617886178861788,0.498
1002,"(248, 249)",0.00912239402055727,18.536585365853664,0.5502
1003,"(447, 446)",0.009106593533034448,18.45528455284553,0.5532
1004,"(557, 556)",0.009091203520625934,18.373983739837396,0.5547
1005,"(310, 311)",0.009061306102186518,18.292682926829272,0.4828
1006,"(147, 22)",0.009008985619917547,18.211382113821138,0.5426
1007,"(11, 10)",0.009002830269062373,18.130081300813007,0.6229
1008,"(156, 157)",0.008956323173712174,18.048780487804883,0.4942
1009,"(337, 338)",0.008879631625258243,17.96747967479675,0.5468
1010,"(131, 132)",0.008827311142989267,17.886178861788615,0.5336
1011,"(89, 90)",0.008808285513073279,17.80487804878049,0.553
1012,"(287, 288)",0.008752227853499377,17.72357723577236,0.5296
1013,"(191, 190)",0.008682467210474077,17.642276422764226,0.5277
1014,"(98, 15)",0.008654640810521044,17.560975609756103,0.5312
1015,"(261, 260)",0.008612784424705866,17.479674796747968,0.4705
1016,"(439, 438)",0.008595344263949542,17.398373983739834,0.5435
1017,"(135, 64)",0.00855308541288614,17.31707317073171,0.6056
1018,"(467, 468)",0.00851990273254889,17.235772357723576,0.48
1019,"(226, 225)",0.008487705512691061,17.154471544715445,0.5245
1020,"(449, 448)",0.00846238156328102,17.07317073170732,0.5164
1021,"(395, 396)",0.008402586726402195,16.991869918699187,0.5785
1022,"(424, 425)",0.008195947245925744,16.910569105691053,0.4725
1023,"(229, 27)",0.008127726523899625,16.82926829268293,0.5162
1024,"(384, 385)",0.008103105120478932,16.7479674796748,0.525
1025,"(273, 272)",0.008019392348848575,16.666666666666664,0.5152
1026,"(451, 450)",0.00800892825239478,16.58536585365854,0.5438
1027,"(372, 63)",0.007985674704719682,16.504065040650406,0.5286
1028,"(500, 501)",0.007953477484861853,16.422764227642272,0.4612
1029,"(551, 307)",0.007947896633419828,16.34146341463415,0.5169
1030,"(326, 327)",0.007909845373587847,16.260162601626014,0.5838
1031,"(339, 255)",0.007838155205479317,16.178861788617883,0.4574
1032,"(549, 550)",0.007831999854624143,16.09756097560976,0.5216
1033,"(3, 4)",0.007824783236380146,16.016260162601625,0.5148
1034,"(283, 284)",0.007808040682054075,15.934959349593491,0.5016
1035,"(540, 539)",0.0078009463793735365,15.85365853658537,0.515
1036,"(139, 138)",0.007741966926633966,15.772357723577235,0.4467
1037,"(36, 37)",0.007730952088261552,15.6910569105691,0.4983
1038,"(432, 431)",0.007655991218538911,15.609756097560979,0.5734
1039,"(120, 229)",0.007637889337473903,15.528455284552845,0.4572
1040,"(228, 227)",0.007605692117616073,15.44715447154471,0.5038
1041,"(228, 279)",0.007549634458042172,15.365853658536588,0.5013
1042,"(476, 477)",0.007514693475100806,15.284552845528454,0.6574
1043,"(325, 324)",0.0074972533143444825,15.20325203252032,0.4914
1044,"(426, 425)",0.007455396928529303,15.121951219512198,0.5134
1045,"(5, 6)",0.0074487530577649905,15.040650406504064,0.5063
1046,"(407, 406)",0.007430554629149695,14.95934959349593,0.5066
1047,"(43, 42)",0.007360793986124398,14.878048780487807,0.517
1048,"(219, 218)",0.007328596766266567,14.796747967479673,0.4388
1049,"(373, 374)",0.007316077222295063,14.715447154471539,0.488
1050,"(102, 21)",0.007213761612524629,14.634146341463417,0.5587
1051,"(111, 112)",0.007109120647986682,14.552845528455283,0.4412
1052,"(15, 98)",0.007040967259976351,14.471544715447159,0.5087
1053,"(446, 445)",0.007032917955011893,14.390243902439027,0.4773
1054,"(368, 369)",0.006916650216636398,14.308943089430892,0.5296
1055,"(507, 508)",0.006903148156696017,14.22764227642277,0.4348
1056,"(150, 517)",0.006881626745400143,14.146341463414636,0.4739
1057,"(293, 294)",0.006835119650049944,14.065040650406502,0.5716
1058,"(187, 487)",0.006750806069053821,13.983739837398378,0.4402
1059,"(167, 166)",0.006698485586784848,13.902439024390246,0.4799
1060,"(193, 194)",0.0065938446222469,13.821138211382111,0.4821
1061,"(352, 351)",0.0065659403650367805,13.73983739837399,0.4861
1062,"(535, 49)",0.006550991655817074,13.658536585365855,0.5557
1063,"(21, 20)",0.006511329354742207,13.57723577235772,0.7062
1064,"(9, 8)",0.006505174003887033,13.495934959349597,0.6306
1065,"(378, 377)",0.006477269746676914,13.414634146341465,0.4426
1066,"(497, 496)",0.006455790811850703,13.33333333333333,0.4977
1067,"(445, 446)",0.006448180559884308,13.252032520325209,0.4896
1068,"(133, 15)",0.006387405014405649,13.170731707317074,0.4765
1069,"(121, 122)",0.006352524692893,13.08943089430894,0.4121
1070,"(409, 408)",0.0062827640498677026,13.008130081300816,0.4644
1071,"(330, 331)",0.006250566830009872,12.926829268292684,0.543
1072,"(382, 383)",0.006201153041200287,12.84552845528455,0.4142
1073,"(558, 557)",0.006190682400596115,12.764227642276428,0.4807
1074,"(99, 100)",0.00612800973734344,12.682926829268293,0.4551
1075,"(203, 553)",0.0061033883339227475,12.601626016260159,0.4565
1076,"(428, 429)",0.0060821646209612635,12.520325203252035,0.5502
1077,"(388, 387)",0.00606472446020494,12.439024390243903,0.4107
1078,"(154, 155)",0.005994963817179642,12.357723577235769,0.4592
1079,"(9, 10)",0.005963788026365578,12.276422764227647,0.4675
1080,"(50, 51)",0.005925736766533597,12.195121951219512,0.5314
1081,"(127, 128)",0.005893539546675769,12.113821138211378,0.4199
1082,"(127, 126)",0.005844599772491867,12.032520325203254,0.4509
1083,"(500, 499)",0.0057922792902228935,11.951219512195122,0.4487
1084,"(57, 58)",0.005780966753516088,11.869918699186988,0.523
1085,"(259, 260)",0.0057286462712471155,11.788617886178866,0.4098
1086,"(419, 420)",0.005717913864627838,11.707317073170731,0.4503
1087,"(440, 441)",0.005705991136547151,11.626016260162597,0.4468
1088,"(129, 115)",0.005632684966335128,11.544715447154474,0.4542
1089,"(430, 429)",0.0056008148251531845,11.463414634146341,0.4666
1090,"(479, 478)",0.005562763565321203,11.382113821138207,0.5214
1091,"(16, 15)",0.005480186073669387,11.300813008130085,0.3948
1092,"(346, 345)",0.005454025832534901,11.21951219512195,0.4385
1093,"(512, 151)",0.005448212445616126,11.138211382113816,0.451
1094,"(105, 403)",0.005440869220034516,11.056910569105693,0.5098
1095,"(374, 375)",0.005434527343395852,10.97560975609756,0.3867
1096,"(344, 393)",0.005371921638116739,10.894308943089426,0.4408
1097,"(468, 469)",0.005347611111001862,10.813008130081304,0.4551
1098,"(213, 214)",0.005315413891144032,10.73170731707317,0.4865
1099,"(530, 531)",0.005303103189433686,10.650406504065035,0.3886
1100,"(7, 6)",0.005281073512688855,10.569105691056912,0.4339
1101,"(231, 230)",0.005262047882772865,10.48780487804878,0.4539
1102,"(558, 559)",0.005251033044400449,10.406504065040656,0.4316
1103,"(320, 321)",0.005240300637781173,10.325203252032523,0.4351
1104,"(235, 236)",0.0050310187087052784,10.243902439024389,0.4249
1105,"(115, 116)",0.004978698226436306,10.162601626016265,0.4301
1106,"(94, 93)",0.004971836523843653,10.08130081300813,0.5097
1107,"(532, 440)",0.004965770380971888,9.999999999999998,0.376
1108,"(559, 558)",0.004960538332744992,9.918699186991875,0.4405
1109,"(487, 486)",0.004844584831500239,9.837398373983742,0.4126
1110,"(240, 241)",0.004739943866962293,9.756097560975608,0.4811
1111,"(344, 343)",0.004728921395299251,9.674796747967484,0.3687
1112,"(327, 326)",0.004699023976859838,9.59349593495935,0.4366
1113,"(274, 275)",0.004684075267640131,9.512195121951217,0.4155
1114,"(247, 248)",0.004579434303102184,9.430894308943094,0.4241
1115,"(19, 20)",0.00456123587448689,9.349593495934961,0.3653
1116,"(51, 50)",0.004529038654629059,9.268292682926827,0.4115
1117,"(465, 464)",0.004522062590326529,9.186991869918703,0.4066
1118,"(391, 458)",0.004520969734300023,9.105691056910569,0.4919
1119,"(19, 18)",0.004493065477089904,9.024390243902436,0.3586
1120,"(312, 311)",0.004483331433877072,8.943089430894313,0.4107
1121,"(97, 96)",0.004461742066596515,8.86178861788618,0.4203
1122,"(200, 199)",0.004409421584327541,8.780487804878046,0.4187
1123,"(279, 278)",0.004374541262814894,8.699186991869922,0.4224
1124,"(26, 474)",0.0043027874585603015,8.617886178861788,0.3558
1125,"(222, 223)",0.004270590238702472,8.536585365853655,0.4846
1126,"(422, 421)",0.004260381364113405,8.455284552845532,0.3532
1127,"(99, 97)",0.0042223301042814245,8.3739837398374,0.4141
1128,"(487, 229)",0.004213550904714257,8.292682926829265,0.47
1129,"(481, 236)",0.004108909940176311,8.211382113821141,0.4058
1130,"(69, 70)",0.004004268975638363,8.130081300813007,0.3435
1131,"(101, 102)",0.003944474138759537,8.048780487804875,0.4041
1132,"(433, 434)",0.003934740095546704,7.967479674796751,0.3798
1133,"(173, 174)",0.0038300991310087577,7.8861788617886175,0.4417
1134,"(268, 269)",0.003788242745193579,7.804878048780484,0.3468
1135,"(14, 133)",0.003787151442333247,7.72357723577236,0.3746
1136,"(221, 220)",0.0037572540238938338,7.642276422764227,0.388
1137,"(549, 548)",0.0037472882177473628,7.560975609756094,0.3948
1138,"(511, 120)",0.003727724906985921,7.47967479674797,0.3845
1139,"(513, 514)",0.0036998206497758017,7.398373983739837,0.328
1140,"(290, 289)",0.003683722039846887,7.317073170731703,0.3675
1141,"(323, 324)",0.0036591006364261936,7.2357723577235795,0.3763
1142,"(164, 463)",0.0036471416690504284,7.154471544715446,0.3696
1143,"(303, 302)",0.003437859739974534,7.073170731707313,0.3645
1144,"(98, 22)",0.003354146968344177,6.991869918699189,0.3678
1145,"(27, 229)",0.003336706807587853,6.910569105691056,0.3609
1146,"(45, 46)",0.003276911970709026,6.829268292682922,0.3739
1147,"(469, 470)",0.0032642282174316995,6.747967479674799,0.3265
1148,"(552, 21)",0.0032487258523149665,6.666666666666665,0.355
1149,"(429, 428)",0.0032389918091021343,6.585365853658532,0.4228
1150,"(504, 37)",0.0032090943906627205,6.504065040650408,0.3076
1151,"(94, 137)",0.0031791969722233075,6.422764227642275,0.3734
1152,"(171, 170)",0.0031268764899543343,6.341463414634141,0.3898
1153,"(64, 65)",0.003067081653075508,6.260162601626018,0.3771
1154,"(0, 100)",0.0030205745577253093,6.178861788617884,0.3076
1155,"(97, 99)",0.0029856942362126607,6.0975609756097615,0.4313
1156,"(339, 338)",0.002943837850397482,6.016260162601627,0.2954
1157,"(448, 511)",0.0029315271486871353,5.934959349593494,0.3593
1158,"(289, 290)",0.0029036228914770166,5.853658536585371,0.3371
1159,"(338, 339)",0.0028774626503425297,5.772357723577237,0.4157
1160,"(225, 226)",0.0028263048454573113,5.691056910569103,0.3026
1161,"(242, 241)",0.002721663880919365,5.609756097560981,0.3522
1162,"(55, 56)",0.002710931474300088,5.528455284552846,0.3685
1163,"(520, 519)",0.0026272187026697307,5.447154471544713,0.3984
1164,"(206, 207)",0.0025711610430958314,5.36585365853659,0.2939
1165,"(427, 428)",0.0025592020757200656,5.284552845528456,0.3284
1166,"(180, 179)",0.002489441432694768,5.203252032520322,0.3383
1167,"(87, 86)",0.002405728661064411,5.1219512195122,0.3295
1168,"(228, 245)",0.002335968018039113,5.040650406504065,0.3321
1169,"(117, 116)",0.002323284264761786,4.959349593495932,0.3446
1170,"(341, 250)",0.0023211155401081495,4.878048780487809,0.3283
1171,"(184, 185)",0.002294955298973663,4.796747967479675,0.3459
1172,"(440, 532)",0.002289060033365891,4.7154471544715415,0.3305
1173,"(29, 487)",0.002277101065990126,4.634146341463419,0.3387
1174,"(268, 495)",0.0022603585116640545,4.5528455284552845,0.2798
1175,"(226, 227)",0.0022324542544539354,4.471544715447151,0.3437
1176,"(46, 45)",0.0021726594175751086,4.390243902439028,0.3172
1177,"(363, 362)",0.002120338935306136,4.308943089430894,0.3343
1178,"(40, 41)",0.0020605440984273094,4.227642276422761,0.4139
1179,"(30, 31)",0.0018512621693514157,4.146341463414638,0.2696
1180,"(380, 379)",0.0018213647509120025,4.0650406504065035,0.3456
1181,"(316, 315)",0.0018157838994699786,3.98373983739837,0.3176
1182,"(464, 465)",0.0018034731977596317,3.9024390243902474,0.3314
1183,"(205, 206)",0.0017735757793202187,3.8211382113821135,0.3276
1184,"(234, 77)",0.0017386954578075694,3.7398373983739797,0.33
1185,"(403, 105)",0.0017248121719423372,3.658536585365857,0.2656
1186,"(541, 542)",0.0016986519308078507,3.577235772357723,0.3249
1187,"(494, 362)",0.0016920080600435366,3.495934959349589,0.2945
1188,"(392, 344)",0.0016571277385308875,3.4146341463414664,0.3683
1189,"(286, 287)",0.001627230320091474,3.3333333333333326,0.2577
1190,"(505, 506)",0.0016132781914864145,3.2520325203251987,0.3183
1191,"(523, 522)",0.0015086372269484678,3.170731707317076,0.32
1192,"(512, 150)",0.0014976223885760525,3.089430894308942,0.3273
1193,"(498, 185)",0.0014697181313659332,3.0081300813008083,0.2516
1194,"(298, 299)",0.001457759163990168,2.9268292682926855,0.3026
1195,"(13, 14)",0.0013740463923598105,2.8455284552845517,0.2881
1196,"(25, 26)",0.0011647644632839169,2.764227642276418,0.309
1197,"(431, 430)",0.0011325672434260871,2.682926829268295,0.1987
1198,"(423, 424)",0.0010727724065472603,2.601626016260161,0.266
1199,"(126, 416)",0.0009890596349169032,2.5203252032520274,0.2465
1200,"(454, 370)",0.0009628993937824165,2.4390243902439046,0.2799
1201,"(275, 274)",0.0009367391526479299,2.3577235772357708,0.1954
1202,"(381, 382)",0.0009121177492272366,2.276422764227637,0.2373
1203,"(115, 130)",0.0008656106538770382,2.195121951219514,0.2842
1204,"(496, 495)",0.0008545958155046226,2.1138211382113803,0.3045
1205,"(15, 14)",0.0008080887201544242,2.0325203252032575,0.2065
1206,"(36, 510)",0.0007758915002965944,1.9512195121951237,0.2442
1207,"(360, 359)",0.0007699962346888227,1.8699186991869898,0.2529
1208,"(555, 556)",0.0007595321382350281,1.788617886178867,0.2548
1209,"(384, 403)",0.0007521889126534178,1.7073170731707332,0.2482
1210,"(184, 183)",0.0007360903027245029,1.6260162601625994,0.1891
1211,"(308, 309)",0.0007012099812118539,1.5447154471544766,0.2333
1212,"(425, 426)",0.0006314493381865562,1.4634146341463428,0.2625
1213,"(60, 59)",0.0006250098942149903,1.382113821138209,0.2532
1214,"(59, 60)",0.0006154970792569951,1.3008130081300862,0.3101
1215,"(367, 368)",0.0005108561147190485,1.2195121951219523,0.203
1216,"(153, 152)",0.00040621515018110185,1.1382113821138184,0.2335
1217,"(316, 317)",0.0003952003118086864,1.0569105691056957,0.2554
1218,"(516, 517)",0.0003835735379711367,0.9756097560975618,0.2435
1219,"(8, 9)",0.00036613337721481227,0.894308943089428,0.2339
1220,"(4, 3)",0.00033997313608032564,0.8130081300813052,0.251
1221,"(67, 66)",0.00025626036444996827,0.7317073170731714,0.2356
1222,"(118, 143)",0.00025409163979633203,0.6504065040650375,0.2601
1223,"(406, 407)",0.00024412583364986093,0.5691056910569148,0.2384
1224,"(232, 233)",0.0002162215764397418,0.4878048780487809,0.2384
1225,"(0, 139)",0.0001916001730190484,0.40650406504064707,0.2365
1226,"(528, 527)",0.0001841258184091951,0.3252032520325243,0.2352
1227,"(81, 82)",0.00013761872305899657,0.24390243902439046,0.2722
1228,"(189, 120)",5.390595142863921e-05,0.1626016260162566,0.1905
1229,"(255, 256)",1.902562991599031e-05,0.08130081300813385,0.2315
1230,"(475, 476)",0.0,0.0,0.2447
